top_track_id,top_track_duration_ms,top_track_explicit,top_track_is_playable,top_track_name,top_track_popularity,album_id,album_name,album_release_date,album_release_date_precision,album_total_tracks,artist_id,artist_name,year_of_tack_release,top_track_durantion_min_aprox
5GCz9BOkt17aI6ZOR3EiUl,175666,False,True,Desabafo / Deixa Eu Dizer,69,5ZfSz6IVs85lm5zRxlvAZi,A Arte Do Barulho,2008-01-01,day,11,1vEN3d3dJbmdHQpXD6AIkL,Marcelo D2,2008-01-01,2.93
2pT4QzEbhFamQoUJwbFVDV,246106,False,True,Samba Makossa / Citação Trecho Incidental: Monólogo Ao Pé Do Ouvido / Citação Trecho Incidental: Queimando Tudo - Ao Vivo,56,0AFkktyrrPtQvpIBqpRrc7,Acústico (Ao Vivo),2003-01-06,day,20,1on7ZQ2pvgeQF4vmIA09x5,Charlie Brown Jr.,2003-01-01,4.1
7pXhvLLPL6vqmU2sDEvNbZ,172053,False,True,Elas Gostam Assim,51,2ZkIlqqupIDBsfG1zzvToD,"Foco, Força E Fé",2014-01-01,day,16,1vEN3d3dJbmdHQpXD6AIkL,Marcelo D2,2014-01-01,2.87
6MsmBnJyNTNTD85wbXRf5X,225933,True,True,FEBRE DO RATO},50,1wNvClMbVbPmoUsoFaASCK,AMAR é para os FORTES,2018-09-14,day,10,1vEN3d3dJbmdHQpXD6AIkL,Marcelo D2,2018-01-01,3.77
1KsNJwx1ABD5IiQh4kfOoj,172466,False,True,Você Diz Que O Amor Não Dói,49,0hPixFMI6iDjmqS0XkjTWq,Nada Pode Me Parar,2013-01-01,day,15,1vEN3d3dJbmdHQpXD6AIkL,Marcelo D2,2013-01-01,2.87
6EHOyqVSyd8JRmQniT721T,211363,False,True,Que Nem o Meu Cachorro,60,0d9km1VogLi6sN6S95ilyT,Abaixo de Zero: Hello Hell,2019-04-12,day,9,6aCbXH85qN6xo54C7atSMx,Black Alien,2019-01-01,3.52
2fOzeW265HQxThDOrA66Mc,262500,False,True,Carta Pra Amy,59,0d9km1VogLi6sN6S95ilyT,Abaixo de Zero: Hello Hell,2019-04-12,day,9,6aCbXH85qN6xo54C7atSMx,Black Alien,2019-01-01,4.38
23fd5EB9vHXNxDQQxikpEF,170627,False,True,Chuck Berry,59,08ZkA9tW2y30l2WVJjxHpu,Chuck Berry,2020-12-09,day,1,6aCbXH85qN6xo54C7atSMx,Black Alien,2020-01-01,2.84
4qQm3DuFEVsqp2GWjkNFli,197840,False,True,Real Gold,58,5PRS6zL5id8VsFjesEsaw3,Real Gold,2019-02-22,day,1,6aCbXH85qN6xo54C7atSMx,Black Alien,2019-01-01,3.3
786H6CRL3H5WNPnkqTfnNX,164902,False,True,Aniversário de Sobriedade,57,0d9km1VogLi6sN6S95ilyT,Abaixo de Zero: Hello Hell,2019-04-12,day,9,6aCbXH85qN6xo54C7atSMx,Black Alien,2019-01-01,2.75
33KkhOpxBmBr2Jor1gs11d,153191,False,True,Take Ten,57,0d9km1VogLi6sN6S95ilyT,Abaixo de Zero: Hello Hell,2019-04-12,day,9,6aCbXH85qN6xo54C7atSMx,Black Alien,2019-01-01,2.55
5JX81dHdlOVfTXim2itZKw,210306,False,True,Como Eu Te Quero,56,0RnWcHck1zMA2xIPxDMNkH,Babylon By Gus Vol. 1 - o Ano do Macaco,2004-09-08,day,13,6aCbXH85qN6xo54C7atSMx,Black Alien,2004-01-01,3.51
3L3uxLbJUDqr2bM7CGlZVJ,207272,False,True,Au Revoir,55,0d9km1VogLi6sN6S95ilyT,Abaixo de Zero: Hello Hell,2019-04-12,day,9,6aCbXH85qN6xo54C7atSMx,Black Alien,2019-01-01,3.45
2IIWfrGNeZHvIoPeFXECRs,199130,False,True,Sistema Obtuso,58,6uTrdx3Dh79wHo6pwZf7By,Sistema Obtuso,2020-12-18,day,1,37ZflmHTdxkSLQuT8w9NBs,Criolo,2020-01-01,3.32
0svBeQBw3K2u4uFg5B4QAT,280613,False,True,Não Existe Amor em SP,57,2zeWAYgh0WfMhiHwvUV15b,Nó na Orelha,2011-01-01,day,11,37ZflmHTdxkSLQuT8w9NBs,Criolo,2011-01-01,4.68
3XOeVijHjhP33Avx55BEgK,302706,False,True,Soprou,56,6DqXBagxY611pulprabgLw,Cinco,2020-12-11,day,14,37ZflmHTdxkSLQuT8w9NBs,Criolo,2020-01-01,5.05
2FtVRCIZmGxORMNVyHKLbg,231240,False,True,Convoque Seu Buda,53,48k5IgjoER3755RUTy5EHh,Convoque Seu Buda,2014-05-24,day,10,37ZflmHTdxkSLQuT8w9NBs,Criolo,2014-01-01,3.85
3JVJaqZ6qZajZaMi66za1b,220320,False,True,Lá Vem Você,53,7cfkiCdd6edpUO472ZpOMm,Espiral de Ilusão,2017-04-28,day,10,37ZflmHTdxkSLQuT8w9NBs,Criolo,2017-01-01,3.67
6RdXZcff3cDszW759ndZH3,347837,False,True,Não Existe Amor em SP,52,7lxFMCmwNhfqVNcqs8KBfK,Não Existe Amor em SP,2020-04-24,day,1,37ZflmHTdxkSLQuT8w9NBs,Criolo,2020-01-01,5.8
1yHEBmkI2j3lhlVLU8yuTl,193799,False,True,Nós,68,1BGWFAkM0Oz88Dq7v369eP,NU,2021-03-14,day,8,204IwDdaHE4ymGk9Kya2pY,Djonga,2021-01-01,3.23
4Sz4wqydJaWpFfR2QoaLCJ,242526,True,True,Eu Não Sou Tão Bom Assim,66,0DTufNM9g4WpoUJ9HEII6Q,Eu Não Sou Tão Bom Assim,2019-07-26,day,1,204IwDdaHE4ymGk9Kya2pY,Djonga,2019-01-01,4.04
6l9UA6IlEGFl1RVAncqvwo,228631,False,True,Xapralá,66,1BGWFAkM0Oz88Dq7v369eP,NU,2021-03-14,day,8,204IwDdaHE4ymGk9Kya2pY,Djonga,2021-01-01,3.81
5p3LIyy38s0QQNoSTwbZXX,320800,False,True,AmarElo (Sample: Sujeito de Sorte - Belchior),62,5cUY5chmS86cdonhoFdn8h,AmarElo,2019-10-30,day,11,2d9LRvQJnAXRijqIJDDs2K,Emicida,2019-01-01,5.35
0gGjX0aUg7OaUSAhi1CmDk,221626,False,True,Passarinhos,62,77ye4kGcWBmzcLWFiSCljE,"Sobre Crianças, Quadris, Pesadelos e Lições de Casa...",2015-08-07,day,14,2d9LRvQJnAXRijqIJDDs2K,Emicida,2015-01-01,3.69
1wTuMYmA3AJC7zKg6cuu19,355866,False,True,"Principia (feat. Fabiana Cozza, Pastor Henrique Vieira & Pastoras do Rosário)",59,5cUY5chmS86cdonhoFdn8h,AmarElo,2019-10-30,day,11,2d9LRvQJnAXRijqIJDDs2K,Emicida,2019-01-01,5.93
1FpjfHwVh1ziha91Ng2o4P,310400,False,True,É Tudo Pra Ontem,59,3pJfsGB12RRU7KDDsRkAh1,É Tudo Pra Ontem,2020-12-10,day,1,2d9LRvQJnAXRijqIJDDs2K,Emicida,2020-01-01,5.17
7MK6sYlWniVj8D1mrAAIwb,235866,False,True,A Ordem Natural das Coisas (feat. Mc Tha),58,5cUY5chmS86cdonhoFdn8h,AmarElo,2019-10-30,day,11,2d9LRvQJnAXRijqIJDDs2K,Emicida,2019-01-01,3.93
1vuAdDQlGRntmbQ7RpkObZ,294049,False,True,Mantra (Feat. Emicida),56,4srydLleGSH7OmLav3nCTX,Casas,2018-03-02,day,14,2d9LRvQJnAXRijqIJDDs2K,Emicida,2018-01-01,4.9
4yEBOuDHhrFeGXyXNJ3C4y,249000,False,True,Quem Tem Um Amigo (Tem Tudo) (feat. Zeca Pagodinho & Tokyo Ska Paradise Orchestra),56,5cUY5chmS86cdonhoFdn8h,AmarElo,2019-10-30,day,11,2d9LRvQJnAXRijqIJDDs2K,Emicida,2019-01-01,4.15
32XOaqmQqFWggQzrwGSuRn,186709,True,True,Kyoto,59,60ye625Zeu700pj82Zgx5q,Kyoto,2020-09-29,day,1,45Yz90pqjzEdJzpEQg1eII,Froid,2020-01-01,3.11
7lllBXlYPpeocz95bTVyPO,294913,True,True,Vem Tranquilo,55,1lXyXfLQHjxtxWJKquzMjF,"Mixtape: O Homem Não para Nunca, Vol. 1",2019-05-15,day,6,45Yz90pqjzEdJzpEQg1eII,Froid,2019-01-01,4.92
7E1duSMvHGUcYRgwrMZOUf,333106,False,True,Cachimbo da Paz (feat. Lulu Santos),62,5KgUIN3k122IhwaNqVOV9t,Quebra - Cabeça,1997-08-08,day,12,5BWqFYIPTnFx3OPWOoJvmD,Gabriel O Pensador,1997-01-01,5.55
2iNXdaNx4cArMmjCg6i3A4,228146,False,True,Solitário Surfista / Surfista Solitário,56,4qoMU7ZgpqMWBddob6PNTN,Sem Crise,2012-12-05,day,15,5BWqFYIPTnFx3OPWOoJvmD,Gabriel O Pensador,2012-01-01,3.8
3ujI5Tb5sebqIq2uvXL3UW,283760,False,True,Astronauta (feat. Lulu Santos),54,2yIJ5NiVk8BKvQRPj4RWpB,Nádegas A Declarar,1999-08-18,day,11,5BWqFYIPTnFx3OPWOoJvmD,Gabriel O Pensador,1999-01-01,4.73
1AqfIfEQyEaME7fiv3HzyU,289826,False,True,2345MEIA78,53,5KgUIN3k122IhwaNqVOV9t,Quebra - Cabeça,1997-08-08,day,12,5BWqFYIPTnFx3OPWOoJvmD,Gabriel O Pensador,1997-01-01,4.83
2t6h9r9XgNcZavFQpybk3r,261466,False,True,Até Quando?,53,1ydyV557cJsCNcjIGDUCSG,Seja Você Mesmo (Mas Não Seja Sempre O Mesmo),2001-05-15,day,11,5BWqFYIPTnFx3OPWOoJvmD,Gabriel O Pensador,2001-01-01,4.36
20cbGw4DpRYSVapv3RQkx7,217083,False,True,Fé na Luta,48,128tFdKiK6jIKR9l47QLKI,Fé na Luta,2016-07-15,day,1,5BWqFYIPTnFx3OPWOoJvmD,Gabriel O Pensador,2016-01-01,3.62
35ZFS434PZDDofT9AXK62y,228510,False,True,A Cura Tá no Coração,48,2kbAHf5ae9v2LWfWup43QH,A Cura Tá no Coração,2020-05-15,day,1,5BWqFYIPTnFx3OPWOoJvmD,Gabriel O Pensador,2020-01-01,3.81
1eJCpFxPd8vKfQgNSvVtLP,240840,False,True,Tô Feliz (Matei o Presidente) 2,47,5Oak0XUfm1Bb4Exsi2o6k8,Tô Feliz (Matei o Presidente) 2,2017-10-20,day,1,5BWqFYIPTnFx3OPWOoJvmD,Gabriel O Pensador,2017-01-01,4.01
1uu31YSBhqisi480OmqyL9,344103,False,True,Linhas Tortas,46,4qoMU7ZgpqMWBddob6PNTN,Sem Crise,2012-12-05,day,15,5BWqFYIPTnFx3OPWOoJvmD,Gabriel O Pensador,2012-01-01,5.74
0oPYQpGUf3lli89N7zAQd0,205972,False,True,Tombei,54,0OeNLZCFVR4flM5TjNGJql,Tombei,2014-12-16,day,1,6ODCVWBfGNFUf1bpo0c2Ge,Karol Conká,2014-01-01,3.43
3AzSGIT3SYFXl1o9c6zdQC,151520,False,True,Saudade,52,6uZweI7OXLIS8WwYb0eVCV,Ambulante,2018-11-08,day,10,6ODCVWBfGNFUf1bpo0c2Ge,Karol Conká,2018-01-01,2.53
49p8H214EdeK34rrqCXwi9,191829,False,True,Nossa Que Isso (feat. Mc Rebecca & MC Rogê),50,1NDBB3kwfcgmN5Zi6yIQ30,Nossa Que Isso (feat. Mc Rebecca & MC Rogê),2019-02-22,day,1,6ODCVWBfGNFUf1bpo0c2Ge,Karol Conká,2019-01-01,3.2
3dX8uUGv8Tc0u2tno0nXqM,190498,False,True,Alavancô,44,7DJBRSUkf5AEAloK0w2O7u,Alavancô,2019-09-25,day,1,204IwDdaHE4ymGk9Kya2pY,Djonga,2019-01-01,3.17
32YLcCsmx4NNoRFRiuIGhE,206150,False,True,Tombei - Tropkillaz Radio Remix,42,4l0UI1fyom0G9BNdmivi5G,Tombei (Tropkillaz Radio Remix),2015-03-03,day,1,6ODCVWBfGNFUf1bpo0c2Ge,Karol Conká,2015-01-01,3.44
6fykGPnL3iYbwCUw7t1LrH,185413,False,True,Kaça,42,6uZweI7OXLIS8WwYb0eVCV,Ambulante,2018-11-08,day,10,6ODCVWBfGNFUf1bpo0c2Ge,Karol Conká,2018-01-01,3.09
6EGdi8mN7xNXKqjonxloqe,285160,False,True,Todos os Olhos em Nóiz - Ao Vivo,41,6nFULR21EyYSzxPUr60S3a,10 Anos de Triunfo (Ao Vivo),2018-04-21,day,27,6ODCVWBfGNFUf1bpo0c2Ge,Karol Conká,2018-01-01,4.75
35SyZI5BZyBrraebGUoUqB,181562,False,True,Vai Explodir,33,37wx0Zeao0vu5M789P920W,Se Deus Vier Que Venha Armado,1998-06-01,day,12,5QTksGpRsgrYaFe1Gnf2AH,Pavilhão 9,1998-01-01,3.03
3gxKCBisGDEcv4kDNyFocz,266193,False,True,Mandando Bronca,27,1c7a4F6mAh53vef9gWrhl5,Cadeia Nacional,1997-06-01,day,15,5QTksGpRsgrYaFe1Gnf2AH,Pavilhão 9,1997-01-01,4.44
0841pNYHbsNCCY7G71AtYV,238630,True,True,Lockdown (Cidade Perdida),27,4jhC6BDyb01J5BEtcyhvJu,Lockdown (Cidade Perdida),2020-11-13,day,1,5QTksGpRsgrYaFe1Gnf2AH,Pavilhão 9,2020-01-01,3.98
7gAhld03FKlbh6BechLgZX,215323,False,True,Antes Durante Depois,20,4vyGVZ5rmtW9icbNkYdhsc,Antes Durante Depois,2017-08-11,day,10,5QTksGpRsgrYaFe1Gnf2AH,Pavilhão 9,2017-01-01,3.59
5b3DIRiRaLaYGJrhJoEsMu,275750,False,True,Opalão Preto,18,1c7a4F6mAh53vef9gWrhl5,Cadeia Nacional,1997-06-01,day,15,5QTksGpRsgrYaFe1Gnf2AH,Pavilhão 9,1997-01-01,4.6
0otBCSlWywlrpnaJAHUsti,231074,False,True,Get Up Stand Up,17,1D5rnh9Bl39jZZOrfkl3EM,Reação,2000-06-01,day,13,5QTksGpRsgrYaFe1Gnf2AH,Pavilhão 9,2000-01-01,3.85
12lHnn6uSkddkdnZJwOSQH,327394,True,True,Apaga o Baseado,17,3BIdjnXkWyJPoel9j0TJWW,Procurados Vivos ou Mortos,1996-06-01,day,14,5QTksGpRsgrYaFe1Gnf2AH,Pavilhão 9,1996-01-01,5.46
4vZ6bJpyFafpjBHzh4pgn4,230219,False,True,Sigo Com Calma,17,1D5rnh9Bl39jZZOrfkl3EM,Reação,2000-06-01,day,13,5QTksGpRsgrYaFe1Gnf2AH,Pavilhão 9,2000-01-01,3.84
4BJe6ogmrq9J0fU0Bxll8e,132315,False,True,Grito de Liberdade,13,1c7a4F6mAh53vef9gWrhl5,Cadeia Nacional,1997-06-01,day,15,5QTksGpRsgrYaFe1Gnf2AH,Pavilhão 9,1997-01-01,2.21
5scK80Nrz12oGUnQGcPgg1,196200,False,True,Mantenha o Respeito,57,6IprXLAWCQtujK6LHFt9bn,Usuário,1995-03-22,day,17,3nasa4yabzvUeb6DzejDYU,Planet Hemp,1995-01-01,3.27
5eS43KfdjIfUWxAXpfXT8x,225293,False,True,Contexto,51,0ElMwq6ONWreyOISGZKaTl,A Invasão do Sagaz Homem Fumaça,2000-03-22,day,15,3nasa4yabzvUeb6DzejDYU,Planet Hemp,2000-01-01,3.75
26qKlzyPOmil2epcFPD246,172573,False,True,Queimando Tudo,49,4HeTmf2mFKrOC4Gw50lLTM,Os Cães Ladram Mas a Caravana Não Pára,1997-03-22,day,15,3nasa4yabzvUeb6DzejDYU,Planet Hemp,1997-01-01,2.88
6bZ0rZjVyTWgiiwrQIYpwZ,113226,False,True,Dig Dig Dig (Hempa),47,6IprXLAWCQtujK6LHFt9bn,Usuário,1995-03-22,day,17,3nasa4yabzvUeb6DzejDYU,Planet Hemp,1995-01-01,1.89
5E3dZEDUQ0Ja5SNTj268oD,175042,False,True,Legalize Já - Versão 2017,47,6IprXLAWCQtujK6LHFt9bn,Usuário,1995-03-22,day,17,3nasa4yabzvUeb6DzejDYU,Planet Hemp,1995-01-01,2.92
0cuJv0ZLfTp6XY77fXSA6N,266866,False,True,Stab,46,0ElMwq6ONWreyOISGZKaTl,A Invasão do Sagaz Homem Fumaça,2000-03-22,day,15,3nasa4yabzvUeb6DzejDYU,Planet Hemp,2000-01-01,4.45
4SrQMW92qYCoVrS4A7Ml34,121866,False,True,Nega do Cabelo Duro,45,4HeTmf2mFKrOC4Gw50lLTM,Os Cães Ladram Mas a Caravana Não Pára,1997-03-22,day,15,3nasa4yabzvUeb6DzejDYU,Planet Hemp,1997-01-01,2.03
4WHHXWMlTiLRaw37SbEvVr,315826,False,True,Zerovinteum (feat. Fernanda Abreu),43,4HeTmf2mFKrOC4Gw50lLTM,Os Cães Ladram Mas a Caravana Não Pára,1997-03-22,day,15,3nasa4yabzvUeb6DzejDYU,Planet Hemp,1997-01-01,5.26
6Eg6mlmavrJxtMGW5HxMUb,185360,False,True,Ex-Quadrilha da Fumaça,42,0ElMwq6ONWreyOISGZKaTl,A Invasão do Sagaz Homem Fumaça,2000-03-22,day,15,3nasa4yabzvUeb6DzejDYU,Planet Hemp,2000-01-01,3.09
11ZRq9Zv2tU4fm5hJTzfiv,334000,False,True,O Sagaz Homem Fumaça,41,0ElMwq6ONWreyOISGZKaTl,A Invasão do Sagaz Homem Fumaça,2000-03-22,day,15,3nasa4yabzvUeb6DzejDYU,Planet Hemp,2000-01-01,5.57
59ONqMEvrUq2iaiQbfRc3q,212493,False,True,Por você,65,7fLEv3V5H8p1cKB9Uq0Exc,Balada MTV,1990-09-25,day,14,5zq0SGWxrmzpTSXkBEQzMj,Barão Vermelho,1990-01-01,3.54
0SrDqCmn2ClzEzNkAZYc2Y,213933,False,True,Bete Balanço,62,6k3oXZh66IHJ9EznRhC9kR,Maior Abandonado,1984-01-01,day,11,5zq0SGWxrmzpTSXkBEQzMj,Barão Vermelho,1984-01-01,3.57
0228dbbfbyvjsjKus9KAS5,202474,False,True,Por Você - Acústica,60,4iBQN73xgA56iyWf7DfZmK,Barão Pra Sempre,2018-04-20,day,9,5zq0SGWxrmzpTSXkBEQzMj,Barão Vermelho,2018-01-01,3.37
44BxEH341a9zeJq2z1UDdc,267133,False,True,Pro Dia Nascer Feliz,56,3tPQA9m5HhUPxFi14K9YRr,Barão Vermelho 2,1983-01-01,day,11,5zq0SGWxrmzpTSXkBEQzMj,Barão Vermelho,1983-01-01,4.45
30VpfIcLiuLYN3HHjrpWJ7,163893,False,True,Maior Abandonado,55,6k3oXZh66IHJ9EznRhC9kR,Maior Abandonado,1984-01-01,day,11,5zq0SGWxrmzpTSXkBEQzMj,Barão Vermelho,1984-01-01,2.73
0D3s0ShhcmT98e4aiqlXdX,231107,False,True,Puro Êxtase,53,4iBQN73xgA56iyWf7DfZmK,Barão Pra Sempre,2018-04-20,day,9,5zq0SGWxrmzpTSXkBEQzMj,Barão Vermelho,2018-01-01,3.85
7xOCvDwHnRvSdLtPKbROSf,275586,False,True,Amor meu grande amor,51,5CtS9j4kbLFsj53rbcphZ8,iCollection - Barão Vermelho,2012-04-23,day,20,5zq0SGWxrmzpTSXkBEQzMj,Barão Vermelho,2012-01-01,4.59
1PGIOBS3PCxqXhezIo5PLZ,271533,False,True,Por Que a Gente é Assim?,48,6k3oXZh66IHJ9EznRhC9kR,Maior Abandonado,1984-01-01,day,11,5zq0SGWxrmzpTSXkBEQzMj,Barão Vermelho,1984-01-01,4.53
5KXRmp2XmZDHRfspLmSneD,259173,False,True,Meus bons amigos,47,7fLEv3V5H8p1cKB9Uq0Exc,Balada MTV,1990-09-25,day,14,5zq0SGWxrmzpTSXkBEQzMj,Barão Vermelho,1990-01-01,4.32
6te2y5fU8kd5ihjQx5VFX4,264026,False,True,O poeta está vivo,46,7fLEv3V5H8p1cKB9Uq0Exc,Balada MTV,1990-09-25,day,14,5zq0SGWxrmzpTSXkBEQzMj,Barão Vermelho,1990-01-01,4.4
5m8Vn0z9yF1h9IIUnL1Z4i,211706,False,True,Vento Ventania,60,58WQfRpbVZG5rlcoQnUiYy,"1985/2007 Sucessos Regravados, Vol. 2",2007-12-05,day,12,7E5dcvoiZra9wwBuXYAYTw,Biquini Cavadão,2007-01-01,3.53
7kqcNdHAsDyxOaZlYREvfq,200226,False,True,Tédio,56,12bs6tiZXFaa6ckOh0g47m,"1985/2007 Sucessos Regravados, Vol. 1",2007-12-04,day,12,7E5dcvoiZra9wwBuXYAYTw,Biquini Cavadão,2007-01-01,3.34
5zcMNdo5vG2cPAG64eUhv6,172826,False,True,Dani,48,3IFPS4Ccw9iXIOMriO7JZ5,Ao Vivo,2005-01-20,day,16,7E5dcvoiZra9wwBuXYAYTw,Biquini Cavadão,2005-01-01,2.88
4guGLakUUP5FDnUnW7CMsU,213533,False,True,Quando Eu Te Encontrar - Ao Vivo,47,2G4f92hel6it1Ty6FJDFrn,Me Leve Sem Destino (Ao Vivo),2014-09-12,day,30,7E5dcvoiZra9wwBuXYAYTw,Biquini Cavadão,2014-01-01,3.56
1qHL7rYl0iqGC2E8fxA8IW,239466,False,True,Múmias / Música Incidental: Wrap,44,76doAjlnROIOoUltfE8Wkd,80,2001-01-01,day,13,7E5dcvoiZra9wwBuXYAYTw,Biquini Cavadão,2001-01-01,3.99
1Z8bkmu5NfFSQRl3GOoOIl,258266,False,True,Zé Ninguém,44,12bs6tiZXFaa6ckOh0g47m,"1985/2007 Sucessos Regravados, Vol. 1",2007-12-04,day,12,7E5dcvoiZra9wwBuXYAYTw,Biquini Cavadão,2007-01-01,4.3
6Z5kTARkhiQYtGdHa7V83p,227757,False,True,Janaína / Cotidiano,44,4IMzIBFu9BzLBW32ov2nu8,Janaína / Cotidiano,2019-12-06,day,1,7E5dcvoiZra9wwBuXYAYTw,Biquini Cavadão,2019-01-01,3.8
4ZZLcnmgVbb5wyKE4FF8HB,252266,False,True,Janaína - Ao Vivo,43,2G4f92hel6it1Ty6FJDFrn,Me Leve Sem Destino (Ao Vivo),2014-09-12,day,30,7E5dcvoiZra9wwBuXYAYTw,Biquini Cavadão,2014-01-01,4.2
4GBRczSIO1lEe9pb9m7FWP,224226,False,True,Quanto Tempo Demora um Mês - Ao Vivo,42,2G4f92hel6it1Ty6FJDFrn,Me Leve Sem Destino (Ao Vivo),2014-09-12,day,30,7E5dcvoiZra9wwBuXYAYTw,Biquini Cavadão,2014-01-01,3.74
2IcsM3hXMRpN6ZGEvwdqxU,244266,False,True,Primeiros Erros (Chove) (feat. Kiko Zambianchi) - Ao Vivo,65,2mt6segSup7hVNxC12Pji0,Acústico Capital Inicial,2000-01-01,year,14,4Z0yuwHVJBROVZqFpTIr0d,Capital Inicial,2000-01-01,4.07
0y1Cn8jcLCr5fJvvO35zuN,267933,False,True,À Sua Maneira (De Música Ligera) - Ao Vivo,61,77YPXxIzAzRD1vXMF3JQQJ,Capital Inicial Multishow Ao Vivo,2008-01-01,year,17,4Z0yuwHVJBROVZqFpTIr0d,Capital Inicial,2008-01-01,4.47
3BbGbnqvF2hJjbK3uCYq1M,197933,False,True,Natasha - Ao Vivo,60,77YPXxIzAzRD1vXMF3JQQJ,Capital Inicial Multishow Ao Vivo,2008-01-01,year,17,4Z0yuwHVJBROVZqFpTIr0d,Capital Inicial,2008-01-01,3.3
7CGbTwDDVA3TEj5sCVMfhb,256773,False,True,Não Olhe Pra Trás (feat. Lenine) - Ao Vivo,59,2t5g2yjLy9HIhWF0JskZTQ,Capital Inicial Acústico NYC (Ao Vivo) [Deluxe],2015-11-18,day,23,4Z0yuwHVJBROVZqFpTIr0d,Capital Inicial,2015-01-01,4.28
3jCV9CuT2Hzazecm49uqnZ,279160,False,True,O Passageiro (The Passenger) - Ao Vivo,57,2mt6segSup7hVNxC12Pji0,Acústico Capital Inicial,2000-01-01,year,14,4Z0yuwHVJBROVZqFpTIr0d,Capital Inicial,2000-01-01,4.65
6ufP2MQuUZ2s3PFXVGE6Bd,301466,False,True,À Sua Maneira (De Música Ligeira),56,1TtIcIQoux9lVNOJp856vx,Rosas e Vinho Tinto,2002-01-01,year,16,4Z0yuwHVJBROVZqFpTIr0d,Capital Inicial,2002-01-01,5.02
7bdPaVA9qxuX8xGrZxDDa0,236800,False,True,Tudo Que Vai - Ao Vivo,55,2mt6segSup7hVNxC12Pji0,Acústico Capital Inicial,2000-01-01,year,14,4Z0yuwHVJBROVZqFpTIr0d,Capital Inicial,2000-01-01,3.95
0iB9TY1WHSvJETZDWDWLmj,332306,False,True,Primeiros Erros (Chove) - Ao Vivo,55,77YPXxIzAzRD1vXMF3JQQJ,Capital Inicial Multishow Ao Vivo,2008-01-01,year,17,4Z0yuwHVJBROVZqFpTIr0d,Capital Inicial,2008-01-01,5.54
2pOwQxSiySqoz62gSTOM5O,296760,False,True,Fogo - Ao Vivo,51,77YPXxIzAzRD1vXMF3JQQJ,Capital Inicial Multishow Ao Vivo,2008-01-01,year,17,4Z0yuwHVJBROVZqFpTIr0d,Capital Inicial,2008-01-01,4.95
7KdRrzenHoirvrvp6KHZxh,193600,False,True,Natasha - Ao Vivo,50,2mt6segSup7hVNxC12Pji0,Acústico Capital Inicial,2000-01-01,year,14,4Z0yuwHVJBROVZqFpTIr0d,Capital Inicial,2000-01-01,3.23
3ZRWcArefd1sfpdw5icCM7,222200,False,True,Exagerado,63,1D4lMnP5npjJzw9GRtQMJi,A Arte De Cazuza,2015-10-30,day,20,1PwOU6fFbmaGkK3wkbb8fU,Cazuza,2015-01-01,3.7
10C3nAydzBvNfaY86NwUuA,279893,False,True,O Tempo Não Pára - Ao Vivo,61,35SG0aJIj3tEGOUzHrtbEa,O Tempo Nao Pára - Cazuza Ao Vivo,1988-01-01,day,10,1PwOU6fFbmaGkK3wkbb8fU,Cazuza,1988-01-01,4.66
6qCjZi4wOpRZty2wZtyeO0,174000,False,True,Faz Parte Do Meu Show,53,0EeQ43GyKU8pVTULAlx5be,Ideologia,1988-01-01,day,12,1PwOU6fFbmaGkK3wkbb8fU,Cazuza,1988-01-01,2.9
4s6qyTWg5r4EyOi2QIwM9g,245200,False,True,Ideologia,58,0EeQ43GyKU8pVTULAlx5be,Ideologia,1988-01-01,day,12,1PwOU6fFbmaGkK3wkbb8fU,Cazuza,1988-01-01,4.09
5yFI0Vs3x4EbeIDerT0ck1,151306,False,True,Codinome Beija-Flor,57,6WvN5lJoLYNXc8HYLuxjeX,Exagerado,1985-01-01,year,10,1PwOU6fFbmaGkK3wkbb8fU,Cazuza,1985-01-01,2.52
72sdbHdX0G0WqDQDtxRfbI,203333,False,True,O Mundo É Um Moinho - Live,52,2MpIxrlur5xqXjx9Mja3AR,I Love MPB - O Nosso Amor A Gente Inventa,2004-01-01,day,14,1PwOU6fFbmaGkK3wkbb8fU,Cazuza,2004-01-01,3.39
7L1cmgAlKGEXXLnKzE0ezf,170066,False,True,Todo O Amor Que Houver Nessa Vida - Ao Vivo,51,35SG0aJIj3tEGOUzHrtbEa,O Tempo Nao Pára - Cazuza Ao Vivo,1988-01-01,day,10,1PwOU6fFbmaGkK3wkbb8fU,Cazuza,1988-01-01,2.83
4OQCnf6Jx0cZzzTh7fU0TF,212586,False,True,O Nosso Amor A Gente Inventa (Estória Romântica),50,3oDvGnTi4xDQujcc8v8mrs,Só Se For A Dois,1987-01-19,day,11,1PwOU6fFbmaGkK3wkbb8fU,Cazuza,1987-01-01,3.54
0m2ZgcsKKFPNmZ1zi61mEx,253893,False,True,Blues Da Piedade,49,0EeQ43GyKU8pVTULAlx5be,Ideologia,1988-01-01,day,12,1PwOU6fFbmaGkK3wkbb8fU,Cazuza,1988-01-01,4.23
3nI0piSOxAik2RCpHGloB7,210493,False,True,Só os Loucos Sabem,70,0tbiBipiOorOAnL7XWFbgt,Camisa 10 joga bola até na chuva,2009-09-16,day,13,1on7ZQ2pvgeQF4vmIA09x5,Charlie Brown Jr.,2009-01-01,3.51
006pMMCuRo2TFjh8sNGSov,145466,False,True,"Dias De Luta, Dias De Gloria",70,1l8K5fgYz4J0ZZyjMVd6Q1,Imunidade Musical,2005-01-01,day,22,1on7ZQ2pvgeQF4vmIA09x5,Charlie Brown Jr.,2005-01-01,2.42
70dJEanFPdYuWZumkrnKeX,188200,False,True,Ela Vai Voltar (Todos Os Defeitos De Uma Mulher Perfeita),68,1l8K5fgYz4J0ZZyjMVd6Q1,Imunidade Musical,2005-01-01,day,22,1on7ZQ2pvgeQF4vmIA09x5,Charlie Brown Jr.,2005-01-01,3.14
0AsfpL8bzbmEyJsfbPPYnj,252226,False,True,Zóio De Lula,68,2hLNxoJZ5kZoBEX0XGBRNu,"Preço Curto, Prazo Longo",1999-01-05,day,25,1on7ZQ2pvgeQF4vmIA09x5,Charlie Brown Jr.,1999-01-01,4.2
4gEFeIEORz8thfqMY7nKcb,212600,False,True,Lugar Ao Sol,67,0Dcy3ThOh8LS1qhXUbZWH7,100% Charlie Brown Jr - Abalando A Sua Fábrica,2001-01-01,day,12,1on7ZQ2pvgeQF4vmIA09x5,Charlie Brown Jr.,2001-01-01,3.54
3XDUFBYZy50XMaTXUZtRXA,196347,False,True,Céu Azul (Ao Vivo),64,3T1n2CfGfA9W5uGhAa7YrU,Música Popular Caiçara (Ao Vivo),2012-03-19,day,15,1on7ZQ2pvgeQF4vmIA09x5,Charlie Brown Jr.,2012-01-01,3.27
5HOkVB35cz5nK6ZeRj0xM6,167933,False,True,Proibida Pra Mim (Grazon),64,09Nao8wNpzTz60nY8G2n7A,Transpiração Continua Prolongada,1997-01-01,day,16,1on7ZQ2pvgeQF4vmIA09x5,Charlie Brown Jr.,1997-01-01,2.8
3FXo3xKG3aYV3hvdRzUY61,203373,False,True,Só Por Uma Noite,63,1FsdTRaD7Ec15uKh71PhkE,Bocas Ordinárias,2002-01-01,day,12,1on7ZQ2pvgeQF4vmIA09x5,Charlie Brown Jr.,2002-01-01,3.39
3JBxvaIwVEpYtjpbt3ZjqD,176066,False,True,Tudo Que Ela Gosta De Escutar,63,09Nao8wNpzTz60nY8G2n7A,Transpiração Continua Prolongada,1997-01-01,day,16,1on7ZQ2pvgeQF4vmIA09x5,Charlie Brown Jr.,1997-01-01,2.93
5yEais1zgeW1MjLrx7tsie,211466,False,True,Me encontra,62,0tbiBipiOorOAnL7XWFbgt,Camisa 10 joga bola até na chuva,2009-09-16,day,13,1on7ZQ2pvgeQF4vmIA09x5,Charlie Brown Jr.,2009-01-01,3.52
3Xx8DDgvddsYPnxTH2LXsd,216226,False,True,Desde Quando Você Se Foi,49,4j5DCqWtUEBoO1AFvgKjKF,Redenção,2008-01-01,day,13,2sFXe6NbmT3k7Qy4N8fE7f,Fresno,2008-01-01,3.6
3mOxRZuy8k2WXJbRbeMpPF,265007,False,True,"Diga, parte 2",47,6bI9Kob4NFSmb70Qw7Xmmf,Infinito,2012-11-01,day,11,2sFXe6NbmT3k7Qy4N8fE7f,Fresno,2012-01-01,4.42
39OfZ0ZQ3e2GTqTZfqxG38,207600,False,True,EVA,46,5zIDKakTtqThvFilL7BJIs,EVA,2020-04-24,day,1,2sFXe6NbmT3k7Qy4N8fE7f,Fresno,2020-01-01,3.46
7GYTUJRGpNXjmtsfgBHGcr,245916,False,True,Cada Acidente,45,1GSWscE57Om1uvMRgcSDPZ,sua alegria foi cancelada,2019-07-05,day,10,2sFXe6NbmT3k7Qy4N8fE7f,Fresno,2019-01-01,4.1
1UYZWCuMG9N2do5ZnvWh9x,196906,False,True,Alguém Que Te Faz Sorrir,45,4j5DCqWtUEBoO1AFvgKjKF,Redenção,2008-01-01,day,13,2sFXe6NbmT3k7Qy4N8fE7f,Fresno,2008-01-01,3.28
3wibiU2UECiww5wkSJfPZJ,273933,False,True,Manifesto (feat. Lenine e Emicida),44,6D4xbokLD2H5uhagMUg40T,Eu Sou a Maré Viva,2014-04-21,day,5,2sFXe6NbmT3k7Qy4N8fE7f,Fresno,2014-01-01,4.57
3CjmvJEMATYeaGyzFo1DK9,224466,False,True,Quebre As Correntes,43,045PXgmguVjBFJ1PVMCgZO,Ciano,2006-06-01,day,14,2sFXe6NbmT3k7Qy4N8fE7f,Fresno,2006-01-01,3.74
33Y1jukFR76pj7TXFTHQBJ,227973,False,True,Porto Alegre,43,6SH5RNO347OXTrPndPUj52,Revanche,2010-01-01,day,13,2sFXe6NbmT3k7Qy4N8fE7f,Fresno,2010-01-01,3.8
5TJLXEONPMrBbR1HAVSdUb,188335,True,True,O Arrocha Mais Triste do Mundo,43,1GSWscE57Om1uvMRgcSDPZ,sua alegria foi cancelada,2019-07-05,day,10,2sFXe6NbmT3k7Qy4N8fE7f,Fresno,2019-01-01,3.14
7znB7bwyQiJFQA0xjYJCqt,219426,False,True,Me Chama,54,7yQKobj0aV7mOZSwLWj7kR,Acústico Lobão,2007-12-02,day,18,3LWCuB9QxDmpLhhGwqU04N,Lobão,2007-01-01,3.66
7JhueQscGoTl2gYNkp4mSN,291733,False,True,"Bla, Bla, Bla...Eu Te Amo",49,1mGU4TLsEmo4brfgYv6K3U,Vida Bandida,1987-03-25,day,10,3LWCuB9QxDmpLhhGwqU04N,Lobão,1987-01-01,4.86
418OrMDXzoHxieAIKD4tBO,219788,False,True,Me Chama (Deluxe Version),47,12nAGrHLQduTMcJx21rGuZ,"Lobão Elétrico Lino, Sexy & Brutal - Ao Vivo Em São Paulo (Deluxe Version)",2012-10-02,day,19,3LWCuB9QxDmpLhhGwqU04N,Lobão,2012-01-01,3.66
0kXZrXlookNyBAja6S92B8,197400,False,True,"Essa Noite, Não (Marcha a Ré em Paquetá)",43,7yQKobj0aV7mOZSwLWj7kR,Acústico Lobão,2007-12-02,day,18,3LWCuB9QxDmpLhhGwqU04N,Lobão,2007-01-01,3.29
124nFiJAWSm9PYmsaO01vO,244000,False,True,Por Tudo Que For,40,5tr7OqRJmrQzQzdhrdNbdl,Box Lobão - 81/91,2010-10-02,day,41,3LWCuB9QxDmpLhhGwqU04N,Lobão,2010-01-01,4.07
5PYtwjX72uokSrsSZnr6P1,219200,False,True,Blá Blá Blá... Eu Te Amo (Rádio Blá),39,7yQKobj0aV7mOZSwLWj7kR,Acústico Lobão,2007-12-02,day,18,3LWCuB9QxDmpLhhGwqU04N,Lobão,2007-01-01,3.65
5NuKMMoy6wz6Q5iv1uuDVc,184426,False,True,Vida Bandida,38,1mGU4TLsEmo4brfgYv6K3U,Vida Bandida,1987-03-25,day,10,3LWCuB9QxDmpLhhGwqU04N,Lobão,1987-01-01,3.07
63SAK1QfBnSgNdmcUJbUNK,225626,False,True,Vou Te Levar,38,7yQKobj0aV7mOZSwLWj7kR,Acústico Lobão,2007-12-02,day,18,3LWCuB9QxDmpLhhGwqU04N,Lobão,2007-01-01,3.76
7gdLssXkHqud7CaPvJXpN8,209333,False,True,Vida Louca Vida,37,0x3jNrBUztseRbz840pGnr,Vida Bandida,1987-10-01,day,10,3LWCuB9QxDmpLhhGwqU04N,Lobão,1987-01-01,3.49
5bHHfNEUp1p1ReV5zUhMVx,254049,False,True,Rádio Blá (Blá Blá Bla´...Eu Te Amo) [Deluxe Version],37,12nAGrHLQduTMcJx21rGuZ,"Lobão Elétrico Lino, Sexy & Brutal - Ao Vivo Em São Paulo (Deluxe Version)",2012-10-02,day,19,3LWCuB9QxDmpLhhGwqU04N,Lobão,2012-01-01,4.23
35J9vakuC3f18QTolNAQ6E,175373,False,True,Epitáfio,67,71XhBGySJjyGOSHGVelZ4K,A Melhor Banda De Todos Os Tempos Da Última Semana,2001-04-04,day,16,2euX7vCVnJy3TVEGfc0RCl,Titãs,2001-01-01,2.92
4Eu11AEW4PK9Rtc3TkTwl7,182186,False,True,Enquanto Houver Sol,61,3DDNSWI08bjLGOsK2EBY7w,Como estão vocês?,2003-07-10,day,15,2euX7vCVnJy3TVEGfc0RCl,Titãs,2003-01-01,3.04
1RxAzmAuN6KldKrMeVKkf2,222426,False,True,Pra Dizer Adeus - Ao Vivo,61,2zu9De5vcXBYGg0X9g5LV8,Acústico MTV,1997-09-22,day,22,2euX7vCVnJy3TVEGfc0RCl,Titãs,1997-01-01,3.71
2l9m7wvaWabz7NhaTwBFbZ,203625,False,True,Porque Eu Sei Que É Amor - Acústico,60,3cxsRe4dYedyVZ5j0JYhSu,Porque Eu Sei Que É Amor (Acústico),2019-06-12,day,1,2euX7vCVnJy3TVEGfc0RCl,Titãs,2019-01-01,3.39
5Kayf37CYgsWqgkWMTHZPu,296773,False,True,Os Cegos do Castelo - Ao Vivo,57,2zu9De5vcXBYGg0X9g5LV8,Acústico MTV,1997-09-22,day,22,2euX7vCVnJy3TVEGfc0RCl,Titãs,1997-01-01,4.95
1mK7rqBmWWFvU1huYnsPGq,174973,False,True,Sonífera ilha,56,7ve69fgxLJKauNa5cGelKV,84 94 - Volume 1,1984-05-30,day,20,2euX7vCVnJy3TVEGfc0RCl,Titãs,1984-01-01,2.92
0t6WbXD9u6rnXseu9YcWqk,251026,False,True,É preciso saber viver,56,0fQxHhyqW0uWu2ZPrtGbWP,Volume 02,1998-10-09,day,16,2euX7vCVnJy3TVEGfc0RCl,Titãs,1998-01-01,4.18
1baWTzEA3bHpK2nMmomDmj,264293,False,True,Marvin - Patches,54,2zu9De5vcXBYGg0X9g5LV8,Acústico MTV,1997-09-22,day,22,2euX7vCVnJy3TVEGfc0RCl,Titãs,1997-01-01,4.4
11kmPqb02yGcZtLilUoHMd,237106,False,True,Marvin - Ao vivo,52,7ve69fgxLJKauNa5cGelKV,84 94 - Volume 1,1984-05-30,day,20,2euX7vCVnJy3TVEGfc0RCl,Titãs,1984-01-01,3.95
6uUORbJHSVvBoX6qp9cDda,176560,False,True,Sonífera ilha,51,43lQwQI0K0tnOb1noQa3qm,Titãs,1984-05-30,day,11,2euX7vCVnJy3TVEGfc0RCl,Titãs,1984-01-01,2.94
2iUxWUv5TovjBmayOcWohB,232240,False,True,Equalize,65,6t9HEcqxPe5dsIlHyYwATK,Admirável Chip Novo,2003-04-16,day,11,2dmQ0vMD3THLMcz7DsvfaT,Pitty,2003-01-01,3.87
5fphkEmVP9cTdU0LbuqLQO,271226,False,True,Me Adora,61,2eqKyLfs5LoKhnLnCF5Qa8,Chiaroscuro,2009-08-01,day,11,2dmQ0vMD3THLMcz7DsvfaT,Pitty,2009-01-01,4.52
1jiegRk1i62WYyCcmmCSRB,222040,False,True,Na Sua Estante,59,0cPJECHbOiae3HQdUHFmfs,Anacrônico (Deluxe Edition),2005-01-01,year,16,2dmQ0vMD3THLMcz7DsvfaT,Pitty,2005-01-01,3.7
7o7MExeF7niW4VFiie5Zxh,191520,False,True,Admirável Chip Novo,57,6t9HEcqxPe5dsIlHyYwATK,Admirável Chip Novo,2003-04-16,day,11,2dmQ0vMD3THLMcz7DsvfaT,Pitty,2003-01-01,3.19
57wrj5gmY8aZA4YBmqfitc,212720,False,True,Teto de Vidro,57,6t9HEcqxPe5dsIlHyYwATK,Admirável Chip Novo,2003-04-16,day,11,2dmQ0vMD3THLMcz7DsvfaT,Pitty,2003-01-01,3.55
2Y0R8ey56JBZj6Au3HenCq,288680,False,True,Máscara,52,6t9HEcqxPe5dsIlHyYwATK,Admirável Chip Novo,2003-04-16,day,11,2dmQ0vMD3THLMcz7DsvfaT,Pitty,2003-01-01,4.81
2hTbrjvtzS4SUdnt6pc5CH,353320,False,True,Serpente,49,2BPf9YYUztYPtShJehkUIA,Setevidas,2014-06-03,day,10,2dmQ0vMD3THLMcz7DsvfaT,Pitty,2014-01-01,5.89
7d1ASp9Z05JONXJarh5bKQ,219720,False,True,Semana Que Vem,49,6t9HEcqxPe5dsIlHyYwATK,Admirável Chip Novo,2003-04-16,day,11,2dmQ0vMD3THLMcz7DsvfaT,Pitty,2003-01-01,3.66
64RaXiW92dbX2uQ0pY6rkj,258066,False,True,Déjà Vu,39,0cPJECHbOiae3HQdUHFmfs,Anacrônico (Deluxe Edition),2005-01-01,year,16,2dmQ0vMD3THLMcz7DsvfaT,Pitty,2005-01-01,4.3
2pBEAodCImE4LgbKAG4bfz,181279,False,True,Último Beijo,83,6AW51ww4T6cgKSxfj9PybR,Último Beijo,2020-11-27,day,1,5JXhkyafynxCvxtov7C1PV,Bruno & Marrone,2020-01-01,3.02
2Nlf97QqqcZ2x9Qb4h1Qt2,147396,False,True,Coração de Isca,72,4dI1v0jzbH7DsaxcfhEYpf,Último Beijo,2021-02-12,day,6,5JXhkyafynxCvxtov7C1PV,Bruno & Marrone,2021-01-01,2.46
2E8Shaw5menB7ImgCQA4th,161678,False,True,Beijo De Varanda - Ao Vivo,65,7qq2SnvgPsm5Uz79LaKN2T,Ensaio (Ao Vivo),2017-09-01,day,22,5JXhkyafynxCvxtov7C1PV,Bruno & Marrone,2017-01-01,2.69
4Z20Nlp53CuArdsy0VbeTb,346333,False,True,Boate Azul - Ao Vivo,64,5ef3YHfeGQd6JW056VmKiy,Acústico - Ao Vivo,2001-06-21,day,14,5JXhkyafynxCvxtov7C1PV,Bruno & Marrone,2001-01-01,5.77
2SQHZ3VZ3IiSogQQLwkIl8,188811,False,True,Desbloqueia,62,75Z3gCzRXqKwyQ4sO417Mr,Desbloqueia,2020-12-23,day,1,5JXhkyafynxCvxtov7C1PV,Bruno & Marrone,2020-01-01,3.15
6cXfVLlxp3ahOSCmV1V3AW,228293,False,True,Vida Vazia - Ao Vivo,62,5ef3YHfeGQd6JW056VmKiy,Acústico - Ao Vivo,2001-06-21,day,14,5JXhkyafynxCvxtov7C1PV,Bruno & Marrone,2001-01-01,3.8
3pANwjrypucSkTOQdSFbEK,184240,False,True,Amor de Carnaval - Ao Vivo,62,5ef3YHfeGQd6JW056VmKiy,Acústico - Ao Vivo,2001-06-21,day,14,5JXhkyafynxCvxtov7C1PV,Bruno & Marrone,2001-01-01,3.07
5mFn4teAi2HMi7kRHliyFL,157202,False,True,Surto De Amor - Ao Vivo Em Uberlândia / 2018,58,0yTbW8tcYxBvjkWCLhWpY9,Studio Bar (Ao Vivo Em Uberlândia / 2018),2019-03-09,day,10,5JXhkyafynxCvxtov7C1PV,Bruno & Marrone,2019-01-01,2.62
7GLWWrk1YlkPYqJK3ynIA0,164458,False,True,Lance Individual,85,532ccGsBf6MOSS0mD7yWSx,Lance Individual,2020-11-13,day,1,1elUiq4X7pxej6FRlrEzjM,Jorge & Mateus,2020-01-01,2.74
158ukl5rih76dOEsp0I91H,157354,False,True,Paradigmas,84,1GLViCxaCfb75xbzBGbskT,"Tudo Em Paz, Vol. 1",2021-01-22,day,5,1elUiq4X7pxej6FRlrEzjM,Jorge & Mateus,2021-01-01,2.62
0RaIjuKU5hudMteEXwr4RS,166388,False,True,Ranking,74,4VGhIs8wUWMu2rKcsXe9Pm,"T. E. P., EP 1",2020-03-06,day,5,1elUiq4X7pxej6FRlrEzjM,Jorge & Mateus,2020-01-01,2.77
2PWjKmjyTZeDpmOUa3a5da,181930,False,True,Cheirosa - Ao Vivo,72,2s8vRW3xvh5BP4CWKyh14X,Cheirosa (Ao Vivo),2019-10-11,day,1,1elUiq4X7pxej6FRlrEzjM,Jorge & Mateus,2019-01-01,3.03
6QwFUcPc5nhsqZuhXUYtV7,175219,False,True,Tijolão - Ao Vivo,69,5DE5SfB2vmYatVH6tpAb49,Tijolão (ao Vivo),2019-05-24,day,1,1elUiq4X7pxej6FRlrEzjM,Jorge & Mateus,2019-01-01,2.92
3apM8wi1gU3PeVWvEPskv3,216554,False,True,Vogais e Consoantes,68,1GLViCxaCfb75xbzBGbskT,"Tudo Em Paz, Vol. 1",2021-01-22,day,5,1elUiq4X7pxej6FRlrEzjM,Jorge & Mateus,2021-01-01,3.61
77thl1ZG6v86i7us2LztP8,154848,False,True,Hit do Ano,68,1GLViCxaCfb75xbzBGbskT,"Tudo Em Paz, Vol. 1",2021-01-22,day,5,1elUiq4X7pxej6FRlrEzjM,Jorge & Mateus,2021-01-01,2.58
74n5d5M21JnC4WJ6gdkggK,141934,False,True,Propaganda - Ao Vivo,67,7uhBra7AiFJm6Nd6YGpqGp,Terra Sem Cep (ao Vivo),2018-02-23,day,14,1elUiq4X7pxej6FRlrEzjM,Jorge & Mateus,2018-01-01,2.37
7x2PPGgAptvKQI2Aw8XIY0,194440,False,True,"Quase Sem Querer - Recorded At Mosh Studios, São Paulo",67,3UV3FcOPCo0vCHnKLIfN2V,Spotify Singles,2019-12-09,day,2,1elUiq4X7pxej6FRlrEzjM,Jorge & Mateus,2019-01-01,3.24
3pIsUJiw8AAn39ESoCAWeH,294720,False,True,Tem Que Sorrir,67,1GLViCxaCfb75xbzBGbskT,"Tudo Em Paz, Vol. 1",2021-01-22,day,5,1elUiq4X7pxej6FRlrEzjM,Jorge & Mateus,2021-01-01,4.91
56F3ngwk3a42aLY0o5QgBF,140629,False,True,Fala Comigo - Ao Vivo,82,78YLa6QF2hX4A0QIX80QGy,O Embaixador - The Legacy (Ao Vivo),2021-02-04,day,13,7MiDcPa6UiV3In7lIM71IN,Gusttavo Lima,2021-01-01,2.34
52yvnBV90B2ZUC5b25cFer,171116,False,True,Espetinho - Ao Vivo,69,78YLa6QF2hX4A0QIX80QGy,O Embaixador - The Legacy (Ao Vivo),2021-02-04,day,13,7MiDcPa6UiV3In7lIM71IN,Gusttavo Lima,2021-01-01,2.85
7snoDTJeoJ2oVMhf7eoF3t,208383,False,True,De Menina pra Mulher - Ao Vivo,64,78YLa6QF2hX4A0QIX80QGy,O Embaixador - The Legacy (Ao Vivo),2021-02-04,day,13,7MiDcPa6UiV3In7lIM71IN,Gusttavo Lima,2021-01-01,3.47
1NXeltgzjQeiC4hbf2XNVr,180905,False,True,Esquece de Me Esquecer,73,4Cv439w6zA8dOOFcPVggMv,Esquece de Me Esquecer,2021-01-29,day,1,7MiDcPa6UiV3In7lIM71IN,Gusttavo Lima,2021-01-01,3.02
3tv697PZNnaQN0Mn2zGhS5,237516,False,True,A Gente Fez Amor - Ao Vivo,72,17jzAujoXwIF60ojew1yHU,O Embaixador in Cariri (Ao Vivo),2019-12-05,day,17,7MiDcPa6UiV3In7lIM71IN,Gusttavo Lima,2019-01-01,3.96
6NM06xgqxQ0HU5lxbt2JHi,210080,False,True,Saudade Sua,70,6OC3EDhHfD6T1JSTaEJMpn,Saudade Sua,2020-05-14,day,1,7MiDcPa6UiV3In7lIM71IN,Gusttavo Lima,2020-01-01,3.5
0SlCt3S4bEGUPo07yZIlQP,145961,False,True,Acertou na Mosca,70,2eGG6GlbjLRZgSkYYaCa0B,Acertou Na Mosca - Ep 2,2021-01-22,day,6,7MiDcPa6UiV3In7lIM71IN,Gusttavo Lima,2021-01-01,2.43
490NQHlu9e6HkJMf7LU8z4,165020,False,True,Balada do Buteco - Ao Vivo,59,78YLa6QF2hX4A0QIX80QGy,O Embaixador - The Legacy (Ao Vivo),2021-02-04,day,13,7MiDcPa6UiV3In7lIM71IN,Gusttavo Lima,2021-01-01,2.75
0j1tGcJJfq1nIs4i5GoHXv,231285,False,True,ASAS,65,0Zy7O3lhW9XpFuJ3bRlRkz,ASAS,2020-06-14,day,1,3qvcCP2J0fWi0m0uQDUf6r,Luan Santana,2020-01-01,3.85
6nI98wtHOJAYSASq22TCYu,249846,False,True,água com açúcar - ao vivo,63,1n4L6uxvbs8n1hnXI2WOTR,VIVA (Ao Vivo),2019-08-22,day,20,3qvcCP2J0fWi0m0uQDUf6r,Luan Santana,2019-01-01,4.16
3BDnZJC9yaj01jtqpyDYzG,227600,False,True,Convite de Casamento,63,2ZDOju5EtJjYYEZU8xvX6W,Confraternização Família Santana 2,2020-09-18,day,6,3qvcCP2J0fWi0m0uQDUf6r,Luan Santana,2020-01-01,3.79
159ntSAEWJ9zIMOSXmQ530,180001,False,True,choque térmico - ao vivo,61,1n4L6uxvbs8n1hnXI2WOTR,VIVA (Ao Vivo),2019-08-22,day,20,3qvcCP2J0fWi0m0uQDUf6r,Luan Santana,2019-01-01,3.0
7KdcbYcVF8LkQeQcTYOixJ,181512,False,True,Vingança - Ao Vivo,61,4ypgnFdLUnA00qg9a6Z1k2,Live-Móvel (Ao Vivo),2018-09-14,day,7,3qvcCP2J0fWi0m0uQDUf6r,Luan Santana,2018-01-01,3.03
79BHjj4YkvbpOlMvG6wf3n,214087,False,True,boa memória - ao vivo,61,1n4L6uxvbs8n1hnXI2WOTR,VIVA (Ao Vivo),2019-08-22,day,20,3qvcCP2J0fWi0m0uQDUf6r,Luan Santana,2019-01-01,3.57
5gvrBqNFFEWcxYPt3mamvJ,179722,False,True,quando a bad bater - ao vivo,59,1n4L6uxvbs8n1hnXI2WOTR,VIVA (Ao Vivo),2019-08-22,day,20,3qvcCP2J0fWi0m0uQDUf6r,Luan Santana,2019-01-01,3.0
2PIWldP9oUhb9iqe3EJh1e,204000,False,True,Juntos,59,4euW7bDouecncLrvhoq6vO,Juntos,2019-05-19,day,1,3qvcCP2J0fWi0m0uQDUf6r,Luan Santana,2019-01-01,3.4
1Go5sZ2OZeWNyskKsX2CFW,201453,False,True,Borboletas,61,5OhkNWsMJ5ILdscQMikB5d,Borboletas,2008-01-01,year,12,2HtEBtekn0bXogyogD3PTr,Victor & Leo,2008-01-01,3.36
4juuHs3mbaZKuiBUEDgLzF,227373,False,True,Na Linha do Tempo,58,1uhaB13OqLhxL4wvO8EI3T,Viva por Mim,2013-10-07,day,13,2HtEBtekn0bXogyogD3PTr,Victor & Leo,2013-01-01,3.79
0uy2rIyxSsce6YdEh6ApVs,221266,False,True,Deus e Eu no Sertão,58,5OhkNWsMJ5ILdscQMikB5d,Borboletas,2008-01-01,year,12,2HtEBtekn0bXogyogD3PTr,Victor & Leo,2008-01-01,3.69
7KsPoQeQrwJUo9UdLrtpeR,206066,False,True,Amigo Apaixonado - Ao Vivo,54,1po4TPOuh3zVj5fMqePCdC,Victor & Leo Ao Vivo Em Uberlândia,2007-08-31,day,15,2HtEBtekn0bXogyogD3PTr,Victor & Leo,2007-01-01,3.43
6g4AJY0FSYPXV0JGvXbShO,192666,False,True,Nada es Normal - Nada Normal,53,0CchvCKCyzqyNc9Ykxzwvs,Nada Es Normal,2008-12-24,day,10,2HtEBtekn0bXogyogD3PTr,Victor & Leo,2008-01-01,3.21
2uClc204KlPCIu6l3vzvOe,207773,False,True,Vida Boa - Ao Vivo,52,1po4TPOuh3zVj5fMqePCdC,Victor & Leo Ao Vivo Em Uberlândia,2007-08-31,day,15,2HtEBtekn0bXogyogD3PTr,Victor & Leo,2007-01-01,3.46
7x6ylW9E6HOVZxWZzCBa5u,169960,False,True,Fotos - Ao Vivo,52,1po4TPOuh3zVj5fMqePCdC,Victor & Leo Ao Vivo Em Uberlândia,2007-08-31,day,15,2HtEBtekn0bXogyogD3PTr,Victor & Leo,2007-01-01,2.83
2SbeBuXi2WGK5C48pK29AO,244640,False,True,Fada - Ao Vivo,52,1po4TPOuh3zVj5fMqePCdC,Victor & Leo Ao Vivo Em Uberlândia,2007-08-31,day,15,2HtEBtekn0bXogyogD3PTr,Victor & Leo,2007-01-01,4.08
2MdhXFZFYCKNbS9scH7ljU,184600,False,True,Tem Que Ser Você - Ao Vivo,51,1po4TPOuh3zVj5fMqePCdC,Victor & Leo Ao Vivo Em Uberlândia,2007-08-31,day,15,2HtEBtekn0bXogyogD3PTr,Victor & Leo,2007-01-01,3.08
0jwGxgupGo2ovlU5eonF9D,238426,False,True,Você Vai Ver,63,5XsicqXM0n9m7gp9IXD8kO,Vem Cuidar De Mim,1994-07-19,day,13,4dyYjqmYDjegbB3F2mbvcT,Zezé Di Camargo & Luciano,1994-01-01,3.97
3W8Oy4HpNaB3A2jQiH3CIG,165926,False,True,1 Hora e Meia,62,3TvC1jz7cFNhgS3nqjTXgv,1 Hora e Meia,2021-01-29,day,1,4dyYjqmYDjegbB3F2mbvcT,Zezé Di Camargo & Luciano,2021-01-01,2.77
3u3G8q8xzUv3ujZ59DLKzU,275106,False,True,Sem Medo de Ser Feliz,60,6Ls690GTjzbU4YNHnyCg1M,Zezé Di Camargo & Luciano 1995,1995-12-31,day,15,4dyYjqmYDjegbB3F2mbvcT,Zezé Di Camargo & Luciano,1995-01-01,4.59
3oMk1VNl1N7dgibHwHw1j2,202706,False,True,É o Amor,60,6ORajOjreYSAI4tv4DJA4f,Zezé Di Camargo & Luciano 1991,1991-06-15,day,12,4dyYjqmYDjegbB3F2mbvcT,Zezé Di Camargo & Luciano,1991-01-01,3.38
5XRUIRvX0BTzuBDtxMCZZ9,246026,False,True,Dois Corações e uma História,60,0eOS5jiSH6YpYgo4J1N76p,Zezé Di Camargo & Luciano 1998,1998-08-21,day,17,4dyYjqmYDjegbB3F2mbvcT,Zezé Di Camargo & Luciano,1998-01-01,4.1
47uSaJXqUIYdgCyFzuikoW,345150,False,True,Sinônimos / Pense Em Mim / É o Amor,59,0FWZoQYUeB9qX12Hx07aZl,Sinônimos / Pense Em Mim / É o Amor,2019-05-05,day,1,7gfkYbxpguEc9bm6m8TpAr,Chitãozinho & Xororó,2019-01-01,5.75
3TPVkq85S5r0EoXZHn5zxU,195133,False,True,No Dia em Que Eu Saí de Casa,58,6Ls690GTjzbU4YNHnyCg1M,Zezé Di Camargo & Luciano 1995,1995-12-31,day,15,4dyYjqmYDjegbB3F2mbvcT,Zezé Di Camargo & Luciano,1995-01-01,3.25
029rq8QBShAgsi4Aq0ywwN,257626,False,True,Menina Veneno,57,6Ls690GTjzbU4YNHnyCg1M,Zezé Di Camargo & Luciano 1995,1995-12-31,day,15,4dyYjqmYDjegbB3F2mbvcT,Zezé Di Camargo & Luciano,1995-01-01,4.29
4oMlV3X4i2jaKRIGmTXriC,228493,False,True,Pra Mudar a Minha Vida,56,0NyaHUAuvRFfNIM1sFIV7Y,Zezé Di Camargo e Luciano - 20 Anos de Carreira,2000-07-10,day,20,4dyYjqmYDjegbB3F2mbvcT,Zezé Di Camargo & Luciano,2000-01-01,3.81
5wn7dRsPFOd236GySyJqLx,283706,False,True,Sinônimos,66,4FTV8aipNFzqQo10minF34,Aqui O Sistema É Bruto,2004-01-01,day,12,7gfkYbxpguEc9bm6m8TpAr,Chitãozinho & Xororó,2004-01-01,4.73
1X95pCQG939KCbJL6yVQgw,279293,False,True,Evidências,64,6dLip1k4dsDn2xdoi1T077,Do Tamanho do Nosso Amor,2013-09-25,day,14,7gfkYbxpguEc9bm6m8TpAr,Chitãozinho & Xororó,2013-01-01,4.65
1d7cmISALvOgs88d3ghiOa,172840,False,True,Fio de Cabelo,60,3N7lngOOXQSBK5XMqSInX1,Grandes Clássicos Sertanejos Acústico II,2007-08-01,day,12,7gfkYbxpguEc9bm6m8TpAr,Chitãozinho & Xororó,2007-01-01,2.88
0lqth62FJY6QobobChvnzB,162524,False,True,Dormi Na Praça - Ao Vivo,59,7lHfl8zlZjgdy1aR4Ra66A,Clássico (Ao Vivo / Edição Especial),2016-11-11,day,28,5JXhkyafynxCvxtov7C1PV,Bruno & Marrone,2016-01-01,2.71
3RYV8juwSUclgwNiwmESlb,193632,False,True,Você Me Trocou - Ao Vivo,57,7lHfl8zlZjgdy1aR4Ra66A,Clássico (Ao Vivo / Edição Especial),2016-11-11,day,28,7gfkYbxpguEc9bm6m8TpAr,Chitãozinho & Xororó,2016-01-01,3.23
4uUs057018O9QWY8dkS60U,248493,False,True,Majestade O Sabiá - Ao Vivo,56,5HdIbeoamzGznrBdVG44M8,"A Majestade, O Sabia",2000-01-01,day,20,4dyYjqmYDjegbB3F2mbvcT,Zezé Di Camargo & Luciano,2000-01-01,4.14
2shPhoZ9Nr7F7aSOmGxPpr,242106,False,True,Brincar De Ser Feliz,55,1c3tyuPzbjc2fHmLtQ8tsK,Planeta Azul,1991-01-01,day,12,5JXhkyafynxCvxtov7C1PV,Bruno & Marrone,1991-01-01,4.04
5pFmXv34SUG3kGMYiJ4NnH,409610,False,True,Pot-Pourri: Festa de Rodeio / Bailão de Peão / Mexe Que É Bom - Ao Vivo,54,1k8op45qU1UrER9X0R8tv0,A História Continua (ao Vivo),2019-12-18,day,39,7gfkYbxpguEc9bm6m8TpAr,Chitãozinho & Xororó,2019-01-01,6.83
2hqRWWmbHT9CTc5a4a9NVe,230506,False,True,Uma Vida a Mais (Listen To Your Heart),70,4IzsHOBctS66OP3dHXTJsG,Patroas,2020-09-04,day,19,59jlthNnbmim5l9tmNA7se,Maiara & Maraisa,2020-01-01,3.84
5LDoRXYha4NeBoX6gaduj9,137701,False,True,Vou Fácil,67,0m8eFgKT39qRDXGKcLTzTl,Vou Fácil,2021-02-05,day,1,59jlthNnbmim5l9tmNA7se,Maiara & Maraisa,2021-01-01,2.3
0zhnWntcmhChM7PXSWuNNq,231626,False,True,Você Nem É Tudo Isso,57,4IzsHOBctS66OP3dHXTJsG,Patroas,2020-09-04,day,19,59jlthNnbmim5l9tmNA7se,Maiara & Maraisa,2020-01-01,3.86
1dSA6OgpgpMpvJJbPbYADU,180646,False,True,Ponta Solta,65,4fuQkHhKHpXdRbPWkxSW6P,Ponta Solta,2020-11-13,day,1,59jlthNnbmim5l9tmNA7se,Maiara & Maraisa,2020-01-01,3.01
2Ou6UYuUbNyqwXxRDSeFRf,173891,False,True,Aí Eu Bebo - Ao Vivo,59,2L73yL2BUVtnwlEVr4AJHH,Aqui Em Casa (ao Vivo),2020-04-17,day,8,59jlthNnbmim5l9tmNA7se,Maiara & Maraisa,2020-01-01,2.9
47iy0GeY7LlaVe5Y7JnAia,219168,False,True,Assunto Delicado,52,4IzsHOBctS66OP3dHXTJsG,Patroas,2020-09-04,day,19,59jlthNnbmim5l9tmNA7se,Maiara & Maraisa,2020-01-01,3.65
1Cqg0nJOZRyvltkof8tjqA,183413,False,True,Foi Pá Pum,72,7gS7wxmnbG0jm5qoFzOXt2,Churrasco das Coleguinhas,2020-11-20,day,8,0MInKJqZscEeNc5K3K0mkE,Simone & Simaria,2020-01-01,3.06
32qETd0e2eKMs2BiMocPc0,151262,False,True,Amoreco,55,255jQhUE0jELs2LMP01J2s,Simone & Simaria Em Casa,2020-05-14,day,25,0MInKJqZscEeNc5K3K0mkE,Simone & Simaria,2020-01-01,2.52
4GT8xUKMqGTN3eXAn4cqFq,157647,False,True,Presente De Deus,60,3nK8BGJDIxuIN1rhsOX3mg,Debaixo Do Meu Telhado,2020-11-27,day,4,0MInKJqZscEeNc5K3K0mkE,Simone & Simaria,2020-01-01,2.63
4H52V2O75kYklfqz79gIRw,190442,False,True,Carro Do Ovo,55,7gS7wxmnbG0jm5qoFzOXt2,Churrasco das Coleguinhas,2020-11-20,day,8,0MInKJqZscEeNc5K3K0mkE,Simone & Simaria,2020-01-01,3.17
6NUDfOCXlQT0RIuYJCXbfe,167253,False,True,La Vida Continuó,60,4i5b4YWuMtneUSvQPONwzK,OCEAN,2019-05-03,day,16,0MInKJqZscEeNc5K3K0mkE,Simone & Simaria,2019-01-01,2.79
6etab3UBCo5GOTMZqUvRka,164157,False,True,Ta Tum Tum,58,7ebtmJ8DgEa0AranPQOcBI,Ta Tum Tum,2018-01-29,day,1,0MInKJqZscEeNc5K3K0mkE,Simone & Simaria,2018-01-01,2.74
4rMTRPQcWIcZAlKR8bygRY,215169,False,True,Loka,57,7duv0ozDPdbrjVq38Hhw9x,Duetos,2017-11-17,day,12,0MInKJqZscEeNc5K3K0mkE,Simone & Simaria,2017-01-01,3.59
07aDFrAVLD02sKGzlZby46,215065,False,True,Haja Amor,47,60IRlbKPEpYmIQCOQoaX4l,Lá Vem O Guarda,1987-01-12,day,12,4fLuPn1SvWJVFmooqIkvWh,Luiz Caldas,1987-01-01,3.58
34ZESQgPPDoIiSorkjyrVi,177320,False,True,Tieta - Live,41,7sx3OLH5AXbfyGCqIHtANT,Luiz Caldas Ao Vivo,2005-01-01,day,16,4fLuPn1SvWJVFmooqIkvWh,Luiz Caldas,2005-01-01,2.96
4BaehaMjNwn5BVZ4tLgWm7,179440,False,True,Tieta,36,4OOEvOPya8yVKh8GHbDPEP,Timbres,1989-01-21,day,12,4fLuPn1SvWJVFmooqIkvWh,Luiz Caldas,1989-01-01,2.99
1JLMHWjB7MBB5wGCLG7kWn,249906,False,True,Haja Amor - Live,31,7sx3OLH5AXbfyGCqIHtANT,Luiz Caldas Ao Vivo,2005-01-01,day,16,4fLuPn1SvWJVFmooqIkvWh,Luiz Caldas,2005-01-01,4.17
1bmDpecHcCYIpKf29elYOV,173266,False,True,O Que É Que Essa Nega Quer?,31,6ALPfRVl28FyFFWmjBg8BT,Nós,1990-01-09,day,13,4fLuPn1SvWJVFmooqIkvWh,Luiz Caldas,1990-01-01,2.89
1dir83s0Xee25BaR12xVX5,152280,False,True,Fricote - Live,28,7sx3OLH5AXbfyGCqIHtANT,Luiz Caldas Ao Vivo,2005-01-01,day,16,4fLuPn1SvWJVFmooqIkvWh,Luiz Caldas,2005-01-01,2.54
0ssAiCH1HNXqpYUhyGHDJI,217560,False,True,"O Que, Que Essa Nega Quer? - Live",28,7sx3OLH5AXbfyGCqIHtANT,Luiz Caldas Ao Vivo,2005-01-01,day,16,4fLuPn1SvWJVFmooqIkvWh,Luiz Caldas,2005-01-01,3.63
55ZjdmU2X8iClV61wAdHX6,204093,False,True,O Canto da Cidade,55,6RVTNpx6xpxRIXEVSrI3hl,O Canto Da Cidade,1993-04-30,day,12,2krrkKvM52JgvfGu2Uewbg,Daniela Mercury,1993-01-01,3.4
4tlqGrCS0PdlDPHyWPkgMR,233466,False,True,Nobre Vagabundo,55,6CPeyKMDVZRdSRDHFcmnRS,Feijão Com Arroz,1991-01-01,day,15,2krrkKvM52JgvfGu2Uewbg,Daniela Mercury,1991-01-01,3.89
27MjgOsXXUBto67uHat459,285000,False,True,À Primeira Vista,48,6CPeyKMDVZRdSRDHFcmnRS,Feijão Com Arroz,1991-01-01,day,15,2krrkKvM52JgvfGu2Uewbg,Daniela Mercury,1991-01-01,4.75
4SEx1Mc336R0lzT097VQ7U,211413,False,True,Baianidade Nagô,47,3uVljLcxp52bwqSEH7GKAy,Balé Mulato Ao Vivo,2006-01-01,year,14,2krrkKvM52JgvfGu2Uewbg,Daniela Mercury,2006-01-01,3.52
6XQBY4dYT9Q8AZJPQK9RRQ,215600,False,True,Swing da Cor,45,0cbKh9vBDagnsAqgeS559R,20 Grandes Êxitos,1999-10-25,day,20,2krrkKvM52JgvfGu2Uewbg,Daniela Mercury,1999-01-01,3.59
1IeKuhWMm5GKjfRq42IuDY,325760,False,True,Maimbê Dandá,41,09orFUAD1IYrLMPdn3FWN5,Carnaval Electrônico,2004-01-01,year,12,2krrkKvM52JgvfGu2Uewbg,Daniela Mercury,2004-01-01,5.43
3qPnbpHtxQW93ZJFYS2e3t,163813,False,True,Como Vai Você - Ao Vivo,41,4bVoww1tE97Kt0nNII7Sv2,"O Axé, A Voz e o Violão Ao Vivo",2016-09-30,day,16,2krrkKvM52JgvfGu2Uewbg,Daniela Mercury,2016-01-01,2.73
1Y9teFESII6lCZn76mYn4w,234933,False,True,Só Pra Te Mostrar,40,6RVTNpx6xpxRIXEVSrI3hl,O Canto Da Cidade,1993-04-30,day,12,2krrkKvM52JgvfGu2Uewbg,Daniela Mercury,1993-01-01,3.92
7KMIlBUmjF2UYlujrAjOur,152320,False,True,Quando o Carnaval Chegar,39,1eUwotxvak847jHpohSVig,Quando o Carnaval Chegar,2021-02-05,day,1,2krrkKvM52JgvfGu2Uewbg,Daniela Mercury,2021-01-01,2.54
5zpyMoJK4Qw1LoCf7ILoM8,171426,False,True,Vermelho,35,6YrBLshugPcYXZnMa8iyX0,Marcia Freire,1996-01-08,day,12,1sa5nkvsWl9qYJQOHciFSy,Márcia Freire,1996-01-01,2.86
19iVGgehVYISMliomNKdbJ,432005,False,True,Rebentão / Canto ao Pescador - Ao Vivo,15,61adOfaVeGpUY4avIJVXw2,Márcia Freire ao Vivo,2010-02-02,day,9,1sa5nkvsWl9qYJQOHciFSy,Márcia Freire,2010-01-01,7.2
36uk5O6mSuIsWsS4GyYqoc,272235,False,True,Auê / Que Arerê - Ao Vivo,13,61adOfaVeGpUY4avIJVXw2,Márcia Freire ao Vivo,2010-02-02,day,9,1sa5nkvsWl9qYJQOHciFSy,Márcia Freire,2010-01-01,4.54
199qDklvqYapnA9AM8a7tx,211461,False,True,Lero - Lero - Ao Vivo,13,61adOfaVeGpUY4avIJVXw2,Márcia Freire ao Vivo,2010-02-02,day,9,1sa5nkvsWl9qYJQOHciFSy,Márcia Freire,2010-01-01,3.52
4rYVMctnRjlPDxLnhCQiEi,429689,False,True,Pureza da Paixão / Doce Obsessão - Ao Vivo,11,61adOfaVeGpUY4avIJVXw2,Márcia Freire ao Vivo,2010-02-02,day,9,1sa5nkvsWl9qYJQOHciFSy,Márcia Freire,2010-01-01,7.16
6Uyg4P7qSCFNrQYhCpf5rQ,212413,False,True,Lambada de Delícia - Kirica Na Buçanha,9,1kysi4VBMq84RtImS5SaGI,Timbalaiê,1999-06-21,day,14,1sa5nkvsWl9qYJQOHciFSy,Márcia Freire,1999-01-01,3.54
2aVGiN7MKn3HZH0OmhJFMl,188682,False,True,O Meu Amor Chorou - Ao Vivo,8,5actOPEesY3MuwHQe7DBRL,Volta por Cima (Ao Vivo),2000-04-12,day,2,1sa5nkvsWl9qYJQOHciFSy,Márcia Freire,2000-01-01,3.14
70AYBjCsorxyMzYZZtKugu,189857,False,True,Só Quero Te Fazer Feliz,8,11LRS28wGGrga8naLNqJfj,Só Quero Te Fazer Feliz,2019-12-28,day,1,1sa5nkvsWl9qYJQOHciFSy,Márcia Freire,2019-01-01,3.16
5B17i57btcIvq2X18jK1WI,192626,False,True,Vou Subir Ladeira,8,6YrBLshugPcYXZnMa8iyX0,Marcia Freire,1996-01-08,day,12,1sa5nkvsWl9qYJQOHciFSy,Márcia Freire,1996-01-01,3.21
75GcQN8jLMC3IELoQ0yxDS,184564,False,True,Vermelho - Ao Vivo,7,61adOfaVeGpUY4avIJVXw2,Márcia Freire ao Vivo,2010-02-02,day,9,1sa5nkvsWl9qYJQOHciFSy,Márcia Freire,2010-01-01,3.08
2LjR7I43VZIOtZb3lzmpcS,174566,False,True,"Tá Solteira, Mas Não Tá Sozinha",68,6nARZY94CBzQmPAs3iw6K5,"Tá Solteira, Mas Não Tá Sozinha",2021-01-29,day,1,7dzq55YG3wjViqexDwiycQ,Ivete Sangalo,2021-01-01,2.91
1aRU4PdjSYMCo8crP6W04g,244070,False,True,Um Sinal,57,4C0QirwRt6m237Qzvv6Nv2,Um Sinal,2018-08-03,day,1,7dzq55YG3wjViqexDwiycQ,Ivete Sangalo,2018-01-01,4.07
7LxiQ3v6iEaejUgnBBphNS,249440,False,True,Se Eu Não Te Amasse Tanto Assim,56,2c8gDfmmo6KnFSxWwL1COf,Ivete Sangalo,1999-01-01,day,14,7dzq55YG3wjViqexDwiycQ,Ivete Sangalo,1999-01-01,4.16
77Y6wpQYkl4JnxotLfBNqU,233733,False,True,Sangrando,55,1iHoLwzJcsldSpA9AS9c3r,Presente,2014-08-18,day,13,7dzq55YG3wjViqexDwiycQ,Ivete Sangalo,2014-01-01,3.9
1UtymFHMLElNQoEXNsSw3A,172720,False,True,O Mundo Vai,55,23WUSdlu1oSegP8E0gSDjV,O Mundo Vai,2020-01-24,day,3,7dzq55YG3wjViqexDwiycQ,Ivete Sangalo,2020-01-01,2.88
4dSvZJtkPT1jcajZpgK3v2,186152,False,True,Não Pode Parar,54,1YvSmL9qBOL3cF5k9mDAsV,Não Pode Parar,2020-11-26,day,1,7dzq55YG3wjViqexDwiycQ,Ivete Sangalo,2020-01-01,3.1
4MGE3gV97fSZ1V44oKna2f,192545,False,True,Vale Tropical,24,0BCVMFWvZW4NGygWJtUV9L,Vale Tropical,2020-02-07,day,1,6jrXjOgvZxar7qULTgJ9xd,Alinne Rosa,2020-01-01,3.21
7iIECCimrpOMkXarfRG3N6,155176,False,True,Vale,22,7rqyfF96BfFCnZLOkrbvlJ,Vale,2018-02-08,day,1,6jrXjOgvZxar7qULTgJ9xd,Alinne Rosa,2018-01-01,2.59
68tG9hhHAt2uMG0g5aVHdc,160360,False,True,Lágrima das Inimigas,21,73YTXJjv2yeKfogr1Es5mu,País da Fantasia,2016-11-11,day,15,6jrXjOgvZxar7qULTgJ9xd,Alinne Rosa,2016-01-01,2.67
07m5YSeCurfwhVABleUwpK,169426,False,True,País da Fantasia,21,73YTXJjv2yeKfogr1Es5mu,País da Fantasia,2016-11-11,day,15,6jrXjOgvZxar7qULTgJ9xd,Alinne Rosa,2016-01-01,2.82
0qxlanFVdpiG3ZhFKsNZkk,269266,False,True,Isso Aqui É Salvador,20,73YTXJjv2yeKfogr1Es5mu,País da Fantasia,2016-11-11,day,15,6jrXjOgvZxar7qULTgJ9xd,Alinne Rosa,2016-01-01,4.49
20E8wfAlb2Qkuz7hMyJtkS,213995,False,True,Vamos Ativar,20,73Tih2SitnhX7kxD51VPt1,Vamos Ativar,2019-01-18,day,1,6jrXjOgvZxar7qULTgJ9xd,Alinne Rosa,2019-01-01,3.57
6tB8PzoRTsPiuqoedkhcVB,248546,False,True,Complicamos Demais,18,73YTXJjv2yeKfogr1Es5mu,País da Fantasia,2016-11-11,day,15,6jrXjOgvZxar7qULTgJ9xd,Alinne Rosa,2016-01-01,4.14
3pWlYfFgnsPSRpqfIYKGjU,119859,False,True,Aquele Fogo,17,5xaXv8RYtwjuJ4eeHWzbZF,Aquele Fogo,2017-12-22,day,1,6jrXjOgvZxar7qULTgJ9xd,Alinne Rosa,2017-01-01,2.0
4Jil2niMFuZiIbuQBALFRU,185231,False,True,Não Me Kali,16,49LTq2rkq73oFh2Zye8kdE,Não Me Kali,2019-12-13,day,1,6jrXjOgvZxar7qULTgJ9xd,Alinne Rosa,2019-01-01,3.09
70upmvtb3Z6ipWiBeEAKa8,213480,False,True,Estilo Meu,16,73YTXJjv2yeKfogr1Es5mu,País da Fantasia,2016-11-11,day,15,6jrXjOgvZxar7qULTgJ9xd,Alinne Rosa,2016-01-01,3.56
3y5DqfTTCRal3jvDcEDChO,190769,False,True,Rodou,57,4Wpo3ft6nI1GOpzW6uhjto,Rodou,2020-11-07,day,1,2OjoIDVPQKT9B7loZbPEfp,Claudia Leitte,2020-01-01,3.18
0Yon6DnsPviXORsxRj04Ay,181818,False,True,Desembaça,55,4DCGBjahXHrRVMLJTkJhj9,Desembaça,2020-09-19,day,1,2OjoIDVPQKT9B7loZbPEfp,Claudia Leitte,2020-01-01,3.03
2sv7wfMG7h8EJl3j2KxTGZ,167341,False,True,Baldin de Gelo,50,2u554H05WIo4j2nMB7IRc9,Baldin de Gelo,2017-08-04,day,1,2OjoIDVPQKT9B7loZbPEfp,Claudia Leitte,2017-01-01,2.79
5KVhGq3v4e0F2g0AHfgNsX,170600,False,True,Hello World,48,2RQHHIOyOsQIm3qcGE03lU,Hello World,2021-03-05,day,1,2OjoIDVPQKT9B7loZbPEfp,Claudia Leitte,2021-01-01,2.84
4PGj9FewxLbgej4UEIBJ2r,233773,False,True,Mulherão,48,39aZor21FBRhjgkXcZI13t,Sol a Sol,2020-12-10,day,5,2OjoIDVPQKT9B7loZbPEfp,Claudia Leitte,2020-01-01,3.9
6b52By4M1TxzHiLkCaJVnu,221262,False,True,Falando Sério,46,0V4kBPfH6sz7hmOFNvveoe,Negalora: Íntimo,2012-08-10,day,18,2OjoIDVPQKT9B7loZbPEfp,Claudia Leitte,2012-01-01,3.69
6sDFxI3dj8r1EsscyedSeX,334133,False,True,Faraó,47,0rXrK44NTKFieEwoGVfIMK,Tete a Tete Margareth,2004-01-01,year,16,1ehJzJeAbLiS4l0PIWd9MD,Margareth Menezes,2004-01-01,5.57
4UbdRuWA8x77P8kt6n9orN,204533,False,True,Dandalunda,44,0rXrK44NTKFieEwoGVfIMK,Tete a Tete Margareth,2004-01-01,year,16,1ehJzJeAbLiS4l0PIWd9MD,Margareth Menezes,2004-01-01,3.41
70L2fQtDbGREQ0C8vL70vN,248213,False,True,Andar Com Fe,32,6TxvZNbloZFBH0XJVMv6eL,Para Gil & Caetano,2015-06-09,day,15,1ehJzJeAbLiS4l0PIWd9MD,Margareth Menezes,2015-01-01,4.14
1fewyREjXmaXTxmoVVAcYe,162480,False,True,Beijinho Doce,32,1GqjaFdkZfubSQr1A6CgG3,Vida Marvada,2006-01-01,year,14,1ehJzJeAbLiS4l0PIWd9MD,Margareth Menezes,2006-01-01,2.71
7LDRVYEiSe0raKGUPnYcN1,164826,False,True,Toté de Maianga,31,0rXrK44NTKFieEwoGVfIMK,Tete a Tete Margareth,2004-01-01,year,16,7gfkYbxpguEc9bm6m8TpAr,Chitãozinho & Xororó,2004-01-01,2.75
2lB8q1YfCenznKGv5bizWM,224761,False,True,Elegibo (Uma Historia De Ifa) - Mirko Boni Remix,31,30dlfBskK4OHtabhV1F8tY,Elegibo (Uma Historia De Ifa),2018-05-21,day,5,1ehJzJeAbLiS4l0PIWd9MD,Margareth Menezes,2018-01-01,3.75
7vjXPjtvm9IjoPKGVyfg10,263266,False,True,Mal Acostumada - Ao Vivo,57,5pRG4SxFRIp5QZPczn1Ngx,Ao Vivo,1998-08-15,day,18,6NqIUh0cpaygBWUUAjBaog,Ara Ketu,1998-01-01,4.39
2pgP6IT08m0Uw9cEMZM7A6,239026,False,True,Ara Ketu Bom Demais,52,1LGy5dn6nMFpiqG3mJlfoz,Bom Demais,1992-08-04,day,13,6NqIUh0cpaygBWUUAjBaog,Ara Ketu,1992-01-01,3.98
6EbbpFc64M1VBp7E29qnQv,300240,False,True,Amantes,51,0kP9Yd9MJ2ZTlc9zGA9olO,Vida,2000-09-15,day,14,6NqIUh0cpaygBWUUAjBaog,Ara Ketu,2000-01-01,5.0
5tNzADohXQiP2tS66VXnie,256533,False,True,Cobertor,49,1uGwNgxXGs40AUkl6LbFYu,Ara Ketu,2001-10-15,day,14,6NqIUh0cpaygBWUUAjBaog,Ara Ketu,2001-01-01,4.28
43PDKv0gdqMWnT2gUSEQdx,179401,False,True,Ziriguidum,47,54vqn8n1zftY98Z9MAcaco,Ziriguidum,2019-04-26,day,1,6NqIUh0cpaygBWUUAjBaog,Ara Ketu,2019-01-01,2.99
5LTwjTZjxnpAe0o0h5RgY0,261133,False,True,Face Oculta,47,0kP9Yd9MJ2ZTlc9zGA9olO,Vida,2000-09-15,day,14,6NqIUh0cpaygBWUUAjBaog,Ara Ketu,2000-01-01,4.35
0uIBkp2PD4PnEkCiEwUJW8,265160,False,True,Pipoca (Ao Vivo),46,5pRG4SxFRIp5QZPczn1Ngx,Ao Vivo,1998-08-15,day,18,6NqIUh0cpaygBWUUAjBaog,Ara Ketu,1998-01-01,4.42
0ZLCCih935NYuRDczmjMdi,240600,False,True,Sempre Será,46,0Q69isO3qRW7eNnoeNOm9c,Ara Ketu Dez,1995-10-15,day,15,6NqIUh0cpaygBWUUAjBaog,Ara Ketu,1995-01-01,4.01
6Pbve0TrBzMtFYxbgxDWBQ,239160,False,True,Carta Branca,45,5k3BP4VhTlrluqerHMYgqx,Obrigado A Você,2003-10-13,day,14,6NqIUh0cpaygBWUUAjBaog,Ara Ketu,2003-01-01,3.99
6BlJpOVPsshun4PsxiRYxf,299373,False,True,Minha Razão de Viver (Ao Vivo),43,5tk9Tv4uhOUjHv30vcZwoK,E o Povo Ao Vivo de Novo,1999-09-15,day,15,6NqIUh0cpaygBWUUAjBaog,Ara Ketu,1999-01-01,4.99
0rOQyLZJ9oASgtdoDZgrmK,233386,False,True,Tá Escrito,66,3vkIrPt0ie4c9ZxKOEKvrQ,Ao Vivo No Morro,2009-10-01,day,14,7yQrcdkLdBAkV7yY9fF2Hw,Grupo Revelação,2009-01-01,3.89
1zkx0x3aP43SHG3pt9cFRY,260493,False,True,Deixa Acontecer - Ao Vivo,55,7mEYsOVpITrFGkeTJWQVjj,Ao Vivo - Na Palma da Mão,2004-06-17,day,15,7yQrcdkLdBAkV7yY9fF2Hw,Grupo Revelação,2004-01-01,4.34
6HA8gaQ27DPIYkEUxrucpm,196126,False,True,Azul Sem Fim,63,5k5JsPCYoDuS7txzhpztiM,Revela Samba Beach (Primeira Onda),2020-12-11,day,12,7yQrcdkLdBAkV7yY9fF2Hw,Grupo Revelação,2020-01-01,3.27
1PWpeF2KQQzBjqkJPMqvpJ,233920,False,True,Coração Radiante,62,50BunNkS3kyyZcWxsWicBq,Ao Vivo No Olimpo,2002-04-25,day,14,7yQrcdkLdBAkV7yY9fF2Hw,Grupo Revelação,2002-01-01,3.9
2R6PIzBpnZPpAzXbGxAmqq,204266,False,True,Grades do Coração,59,50BunNkS3kyyZcWxsWicBq,Ao Vivo No Olimpo,2002-04-25,day,14,7yQrcdkLdBAkV7yY9fF2Hw,Grupo Revelação,2002-01-01,3.4
7AsFFiQEozWPh4BiHTTwkN,253506,False,True,Deixa Acontecer,57,39NgGFDPIL6J6krPq8Nvm5,Virou Religião,2001-01-12,day,14,7yQrcdkLdBAkV7yY9fF2Hw,Grupo Revelação,2001-01-01,4.23
6sDlpZzgUdI32kuO8ZHrAB,257813,False,True,Sina,55,3vkIrPt0ie4c9ZxKOEKvrQ,Ao Vivo No Morro,2009-10-01,day,14,7yQrcdkLdBAkV7yY9fF2Hw,Grupo Revelação,2009-01-01,4.3
6BaOSAMjEznn3oV7u4EwYm,238547,False,True,Conselho,54,53qoc3jujV5pqoFr4AIAoI,Ao Vivo No Olimpo - Músicas Extras do Dvd,2010-10-04,day,13,7yQrcdkLdBAkV7yY9fF2Hw,Grupo Revelação,2010-01-01,3.98
1FtItiaaxneADE7dVn6VJc,216474,False,True,Se a Fila Andar - Ao Vivo,40,2HucAHVeIRYdmySB8syry9,Pagode do Revela (ao Vivo),2020-04-10,day,24,7yQrcdkLdBAkV7yY9fF2Hw,Grupo Revelação,2020-01-01,3.61
5GejbM2Nt1xpnqukq6dnzv,251106,False,True,Fala Baixinho (Shiii) - Live At HSBC Arena/Rio de Janeiro(RJ)-Brazil/2012,53,1cARJvatBbzfuHONe2kr75,360º Ao Vivo,2012-01-01,day,14,7yQrcdkLdBAkV7yY9fF2Hw,Grupo Revelação,2012-01-01,4.19
01wavOnjFBNgdMWBFYIAP4,184107,False,True,50 Vezes - Ao Vivo,65,29zZdrNrxlZsolrlspfmDA,"Ao Cubo, Ao Vivo, Em Cores",2019-03-29,day,11,1fUSLFr4WUBx7joEcGwpvG,Sorriso Maroto,2019-01-01,3.07
6kbC245NmdhHIz5tRnYa40,210172,False,True,100 Likes - Ao Vivo,64,5QCbVoF2hee8fdWu8yfkcw,100 Likes (Ao Vivo),2020-10-29,day,1,1fUSLFr4WUBx7joEcGwpvG,Sorriso Maroto,2020-01-01,3.5
19IIiuViFv6TsPDXV2ZWB3,215304,False,True,Não É Por Maldade - Ao vivo,62,5u9JxohIzAYCPE53Ev4uiN,Numanice (Ao vivo),2021-01-29,day,14,1fUSLFr4WUBx7joEcGwpvG,Sorriso Maroto,2021-01-01,3.59
4kUpVCOVfhipS0KRuoBYvs,221693,False,True,Dependente,61,7lHW8rrEWFga0TGGw8QucQ,De Volta Pro Amanhã,2016-06-03,day,14,1fUSLFr4WUBx7joEcGwpvG,Sorriso Maroto,2016-01-01,3.69
0EPP4wnQKrOsQ5k0vcg2Bz,148837,False,True,Sinal Vital,60,0Ygb354Evijqox4do2bYZL,Sinal Vital,2020-01-24,day,1,1fUSLFr4WUBx7joEcGwpvG,Sorriso Maroto,2020-01-01,2.48
59OritfCe4yTco9mEX9VjT,201386,False,True,Um Cara Apaixonado,59,7eMJl60DIwEpWeTtUHwzCX,Playlist,2021-02-05,day,7,1fUSLFr4WUBx7joEcGwpvG,Sorriso Maroto,2021-01-01,3.36
2YGWqGwDmlwVfK2sxt11uV,219640,False,True,A Primeira Namorada,57,3yfjzd2cnwMvwfk3L3zEsB,É Diferente Ao Vivo,2007-02-10,day,27,1fUSLFr4WUBx7joEcGwpvG,Sorriso Maroto,2007-01-01,3.66
5XN0ISNOU8kL00D2XMl5fy,210333,False,True,Eu nunca amei assim - Ao vivo,57,3KUDsIAudIpJNvqaydmGPF,Jeito Moleque (Ao Vivo),2004-01-01,day,11,3V7U1x0TRBn7spzHDQiZhi,Jeito Moleque,2004-01-01,3.51
3zogYGZdUNA1KNDhQB1KKG,243508,False,True,Nosso Tempo,53,0DQnEVUgszgTi3XREXr96T,"Me Faz Feliz em Casa, Pt. 1",2020-12-11,day,6,3V7U1x0TRBn7spzHDQiZhi,Jeito Moleque,2020-01-01,4.06
50WIT4c3Ztg81IArPJHEJE,285613,False,True,Sem Radar,51,2lQXv0D6odH3Twj6VV121D,O Som Do Bem,2007-01-01,day,13,3V7U1x0TRBn7spzHDQiZhi,Jeito Moleque,2007-01-01,4.76
5GP6eOHtZ6u5vIs4pr66rO,224960,False,True,Pela vida inteira - Ao vivo,49,3KUDsIAudIpJNvqaydmGPF,Jeito Moleque (Ao Vivo),2004-01-01,day,11,3V7U1x0TRBn7spzHDQiZhi,Jeito Moleque,2004-01-01,3.75
19ekKD5twU6CawnacoudVJ,225866,False,True,Sobrenatural (Cadê você) - Ao vivo,48,3KUDsIAudIpJNvqaydmGPF,Jeito Moleque (Ao Vivo),2004-01-01,day,11,3V7U1x0TRBn7spzHDQiZhi,Jeito Moleque,2004-01-01,3.76
1pCufRHcHq5tuqjKkaWCOt,242853,False,True,Teu Segredo,48,2lQXv0D6odH3Twj6VV121D,O Som Do Bem,2007-01-01,day,13,3V7U1x0TRBn7spzHDQiZhi,Jeito Moleque,2007-01-01,4.05
4YGjp50O68uZP4K2iyrMAY,125674,True,True,Só pro Meu Prazer,34,2ZEUi31GBdpTOWmQNXzajm,Amo Noronha (Ao Vivo),2019-09-09,day,18,3V7U1x0TRBn7spzHDQiZhi,Jeito Moleque,2019-01-01,2.09
1DwVWibPBDTBNLCuzV4QlU,175280,False,True,Me Faz Feliz - Ao Vivo,46,2XXAGn75HHgZmH2oF0eNhd,Me Faz Feliz (Ao Vivo),2005-01-03,day,17,3V7U1x0TRBn7spzHDQiZhi,Jeito Moleque,2005-01-01,2.92
7oVJpmVnFYtNZA0TQmF2OX,219133,False,True,Sobrenatural - Ao Vivo,45,2XXAGn75HHgZmH2oF0eNhd,Me Faz Feliz (Ao Vivo),2005-01-03,day,17,3V7U1x0TRBn7spzHDQiZhi,Jeito Moleque,2005-01-01,3.65
7bdhM9AJqWAIHooF4sh3wW,277933,False,True,Deixa A Vida Me Levar,59,3AUpkOGb4Qjha837aJye68,Deixa A Vida Me Levar,2002-01-14,day,14,3qZ2n5keOAat1SoF6bHwmb,Zeca Pagodinho,2002-01-01,4.63
5ii11kM3XEBh1viHC6ObhX,261026,False,True,Ogum - Ao Vivo,53,4rDMla3wFYoWfhcoUQ5XuC,Zeca Pagodinho - Uma Prova De Amor Ao Vivo (Deluxe),2009-07-10,day,24,3qZ2n5keOAat1SoF6bHwmb,Zeca Pagodinho,2009-01-01,4.35
1PX26jqxFcahtiibUj6EYr,211496,False,True,Mais Feliz,53,4fN80AnER7ua5DH8U1A7k9,Mais Feliz,2019-09-17,day,14,3qZ2n5keOAat1SoF6bHwmb,Zeca Pagodinho,2019-01-01,3.52
2Hw2kl2Vkthv8JMRKyQkCU,257920,False,True,Verdade,52,1Fsu5Kt133rU5OziU0dQqk,Deixa Clarear,1996-01-01,day,12,3qZ2n5keOAat1SoF6bHwmb,Zeca Pagodinho,1996-01-01,4.3
3Rp4m03mbhlYgIeSWNP9xm,296640,False,True,Faixa Amarela,48,4CGL4rqypX9EGhPcXcDqlp,Hoje É Dia De Festa,1997-01-01,day,14,3qZ2n5keOAat1SoF6bHwmb,Zeca Pagodinho,1997-01-01,4.94
6AHsV0Wb4t3ttgs5P4wsf6,276853,False,True,Quando A Gira Girou - Ao Vivo,51,4rDMla3wFYoWfhcoUQ5XuC,Zeca Pagodinho - Uma Prova De Amor Ao Vivo (Deluxe),2009-07-10,day,24,3qZ2n5keOAat1SoF6bHwmb,Zeca Pagodinho,2009-01-01,4.61
2cynkyn1tRlilsW1yUWv6P,224133,False,True,Seu Balancê,50,6dwpP1wpPCBb4We4LzPPtb,Zeca Pagodinho,1998-03-06,day,15,3qZ2n5keOAat1SoF6bHwmb,Zeca Pagodinho,1998-01-01,3.74
63efSBKSZJWb6JTDpM6Ype,203626,False,True,Minha Fé,49,6dwpP1wpPCBb4We4LzPPtb,Zeca Pagodinho,1998-03-06,day,15,3qZ2n5keOAat1SoF6bHwmb,Zeca Pagodinho,1998-01-01,3.39
0QcxfiX4q9KAj2K6uzpwdp,239560,False,True,"No Mexe Mexe, no Bole Bole",45,39jQQ5mZUw2suOf2SEoa9z,Dudu Nobre,1999-07-15,day,14,4Mw0vJsDXTZF7kn7EsdNoD,Dudu Nobre,1999-01-01,3.99
1JtxEMmDhKzA7QRZE1ISNP,168040,False,True,A Grande Família,42,7qbifdalLtBeQvvuMupelk,Moleque Dudu,2001-05-02,day,15,4Mw0vJsDXTZF7kn7EsdNoD,Dudu Nobre,2001-01-01,2.8
0fMiHLlqyzoyfxVAiSAN7I,273373,False,True,"Ô Irene / Cadê Ioiô / Vai Lá, Vai Lá - Medley/Live",42,7humftJzYvJFhxTE6vFQzO,Roda De Samba Ao Vivo,2008-01-01,day,18,4Mw0vJsDXTZF7kn7EsdNoD,Dudu Nobre,2008-01-01,4.56
2PoHBRBYGXZ9DMaEIR73hk,240600,False,True,Faixa Amarela - Ao Vivo,39,4kqPuGqyeLc2hHsS0hW1As,Zeca Pagodinho Ao Vivo,1999-05-27,day,19,3qZ2n5keOAat1SoF6bHwmb,Zeca Pagodinho,1999-01-01,4.01
1ShHr5Tk3Jc55ExTwd6Zo4,231093,False,True,Chegue Mais,37,5fzGa82FnHcM1RfqyMAdP1,Chegue Mais,2002-10-01,day,14,4Mw0vJsDXTZF7kn7EsdNoD,Dudu Nobre,2002-01-01,3.85
4WB8sLYWMjWoA8BxaWTgMI,189146,False,True,Quem É Ela? - Live,37,7humftJzYvJFhxTE6vFQzO,Roda De Samba Ao Vivo,2008-01-01,day,18,4Mw0vJsDXTZF7kn7EsdNoD,Dudu Nobre,2008-01-01,3.15
5IVJmmWuvsWBRkARTQ82Ql,211600,False,True,Estava Perdido Num Mar - Ao Vivo,35,75onhrkk9vA5GteTTAFY2z,Dudu Nobre Ao Vivo,2004-03-12,day,20,4Mw0vJsDXTZF7kn7EsdNoD,Dudu Nobre,2004-01-01,3.53
4i9uK1cMwP1Pc5zHhtMEde,211000,False,True,Cheia de Manias,68,57v2s5PkNuYDYvVB0cSZg3,Raça Negra - Vol. 3,1992-01-01,day,14,1RnHJ07H3jcpay9PrUPjnt,Raça Negra,1992-01-01,3.52
1wtLEFD3kYHydIrPoB1TPj,227452,False,True,Cheia de Manias,65,3NOl60km7sAj4cE2PxuBIl,Cheia de Manias,2019-05-31,day,1,1RnHJ07H3jcpay9PrUPjnt,Raça Negra,2019-01-01,3.79
4vTI1wFRtzrk4GQNHjG8fx,195875,False,True,Cigana - Ao Vivo,59,0hSUBFqEpxTYTXyYfVncOw,Raça Negra e Amigos II (Ao Vivo),2017-08-25,day,25,1RnHJ07H3jcpay9PrUPjnt,Raça Negra,2017-01-01,3.26
5JQQylp65Mlpm6yC2JxHHr,277125,False,True,Cheia de Manias - Ao Vivo,58,0hSUBFqEpxTYTXyYfVncOw,Raça Negra e Amigos II (Ao Vivo),2017-08-25,day,25,1RnHJ07H3jcpay9PrUPjnt,Raça Negra,2017-01-01,4.62
5oydIuWtsQp3ziGCVwlyfK,214250,False,True,É Tarde Demais - Ao Vivo,58,0hSUBFqEpxTYTXyYfVncOw,Raça Negra e Amigos II (Ao Vivo),2017-08-25,day,25,1RnHJ07H3jcpay9PrUPjnt,Raça Negra,2017-01-01,3.57
0RukYpMQe3RINyAZyfWUtB,223466,False,True,Deus Me Livre - Ao Vivo,56,64UsYiPOiVX2mFURxtLe8Y,Raça Negra Ao Vivo,1999-01-01,day,16,1RnHJ07H3jcpay9PrUPjnt,Raça Negra,1999-01-01,3.72
1iwv4D5EHcKtJqPprNf8vT,299565,False,True,Pot-Pourri: Sozinho / Estou Mal / Volta - Ao Vivo,55,0hSUBFqEpxTYTXyYfVncOw,Raça Negra e Amigos II (Ao Vivo),2017-08-25,day,25,1RnHJ07H3jcpay9PrUPjnt,Raça Negra,2017-01-01,4.99
1dkYIUuaNkAIsPeoXViLzu,216875,False,True,Quando Te Encontrei - Ao Vivo,54,0hSUBFqEpxTYTXyYfVncOw,Raça Negra e Amigos II (Ao Vivo),2017-08-25,day,25,1RnHJ07H3jcpay9PrUPjnt,Raça Negra,2017-01-01,3.61
1MtoOMAoiR4LJ02iKG9fYd,201000,False,True,Me Leva Junto Com Você - Ao Vivo,54,0hSUBFqEpxTYTXyYfVncOw,Raça Negra e Amigos II (Ao Vivo),2017-08-25,day,25,1RnHJ07H3jcpay9PrUPjnt,Raça Negra,2017-01-01,3.35
6E3UgZgGHM252JCNH7qYSV,195506,False,True,Vida Cigana,54,6smzTn08XxXLIHbAkff0EW,Vem Pra Ficar,2000-01-01,day,15,1RnHJ07H3jcpay9PrUPjnt,Raça Negra,2000-01-01,3.26
3EjxAbEOH28icEK1ZFOUSh,243000,False,True,Essa Tal Liberdade,63,4tV1Azuq28wckbq005s9aa,Só Pra Contrariar,1994-08-30,day,14,2B8HcBRTizIsSPryM46Sb1,Só Pra Contrariar,1994-01-01,4.05
1SaeGiWS1LQhfRc6ObQfvq,245200,False,True,Que Se Chama Amor,49,3rrYnmqi8KDkDcE2QvW7ma,Só Pra Contrariar,1993-01-01,day,12,2B8HcBRTizIsSPryM46Sb1,Só Pra Contrariar,1993-01-01,4.09
3R0fWjRyx1GN4rFDirZZlC,269400,False,True,Depois do Prazer,56,1mi6f1C2iBe6mmtRqjVpDQ,So Pra Contrariar (1997),1997-02-28,day,15,2B8HcBRTizIsSPryM46Sb1,Só Pra Contrariar,1997-01-01,4.49
0pnrx9K3Q9goF88oPFoykU,176640,False,True,Domingo - Ao Vivo,55,3QtJpsJD9hX2lDmJEnvdGE,SPC 25 Anos (Ao Vivo),2013-10-14,day,15,2B8HcBRTizIsSPryM46Sb1,Só Pra Contrariar,2013-01-01,2.94
3u9W1EEjkOeWyyNydtGHbk,259026,False,True,Cuando Acaba el Placer (Depois do Prazer),54,5xQdXl0fVvLxsvtekmnOm6,So Pra Contrariar 1998,1980-01-04,day,10,2B8HcBRTizIsSPryM46Sb1,Só Pra Contrariar,1980-01-01,4.32
1CJ6dBpfeA5P6kjHDdk33I,239906,False,True,Você Virou Saudade,53,2J7bvomcDs23tPFqMFTEgJ,Bom Astral,2000-06-30,day,14,2B8HcBRTizIsSPryM46Sb1,Só Pra Contrariar,2000-01-01,4.0
0sRAXMfrDR9eg5jgMyjp6P,205533,False,True,Mineirinho,52,5xQdXl0fVvLxsvtekmnOm6,So Pra Contrariar 1998,1980-01-04,day,10,2B8HcBRTizIsSPryM46Sb1,Só Pra Contrariar,1980-01-01,3.43
3UHKTBxEAf8tcKfKG2jKCS,399573,False,True,Depois do Prazer / Essa Tal Liberdade / Encerramento - Ao Vivo,48,3QtJpsJD9hX2lDmJEnvdGE,SPC 25 Anos (Ao Vivo),2013-10-14,day,15,2B8HcBRTizIsSPryM46Sb1,Só Pra Contrariar,2013-01-01,6.66
4tURxbyJrdngCsxanBd25F,271146,False,True,Mineirinho / Sai da Minha Aba (Bicão) - Ao Vivo,48,3QtJpsJD9hX2lDmJEnvdGE,SPC 25 Anos (Ao Vivo),2013-10-14,day,15,2B8HcBRTizIsSPryM46Sb1,Só Pra Contrariar,2013-01-01,4.52
2jLqocWkuPKdVdMLzg0szQ,164533,False,True,Meu Jeito de Ser,48,4tV1Azuq28wckbq005s9aa,Só Pra Contrariar,1994-08-30,day,14,2B8HcBRTizIsSPryM46Sb1,Só Pra Contrariar,1994-01-01,2.74
56bWd9eEu5xsIWETPBIA8k,234360,False,True,Inaraí,57,6be252ruiK8KktdALdpNvq,Katinguelê Na Área,1998-03-17,day,15,3gdaj3L0OqxdaVoxnI7ZGu,Katinguelê,1998-01-01,3.91
6oDfRqEbg2gOf64XSwgfCF,243226,False,True,Recado a minha amada,54,1MDkaQKuIuel15iZvcrFRu,No compasso do criador,1996-01-01,year,13,3gdaj3L0OqxdaVoxnI7ZGu,Katinguelê,1996-01-01,4.05
2g0aAzqmBIlpiqJlxlt2lM,206013,False,True,Engraçadinha - Ao vivo,46,43PkMS3xuziayb8af0nQYJ,Ao Vivo (15 Anos),1998-03-17,day,15,3gdaj3L0OqxdaVoxnI7ZGu,Katinguelê,1998-01-01,3.43
0kKuVSnv97w8dZ0yjde1KU,236146,False,True,No compasso do criador - Ao vivo,42,43PkMS3xuziayb8af0nQYJ,Ao Vivo (15 Anos),1998-03-17,day,15,3gdaj3L0OqxdaVoxnI7ZGu,Katinguelê,1998-01-01,3.94
5RY5Qnk9IFiVuWRGM1Rw4X,254973,False,True,No compasso do criador,37,1MDkaQKuIuel15iZvcrFRu,No compasso do criador,1996-01-01,year,13,3gdaj3L0OqxdaVoxnI7ZGu,Katinguelê,1996-01-01,4.25
6LW8UF40lkxYGkSF147U1M,184534,False,True,Volta pra Casa,37,53k9ad4MBlUYZ80RmuvC9T,"Katinguelando, Vol. 1",2021-03-19,day,10,3gdaj3L0OqxdaVoxnI7ZGu,Katinguelê,2021-01-01,3.08
64iS2tmMBhTKEEZJG4Vd19,238253,False,True,Ainda resta uma bagagem - Ao vivo,35,43PkMS3xuziayb8af0nQYJ,Ao Vivo (15 Anos),1998-03-17,day,15,3gdaj3L0OqxdaVoxnI7ZGu,Katinguelê,1998-01-01,3.97
3DwRPeGDuXsIuRck2x5LXl,205000,False,True,Minha deusa - Ao vivo,35,43PkMS3xuziayb8af0nQYJ,Ao Vivo (15 Anos),1998-03-17,day,15,3gdaj3L0OqxdaVoxnI7ZGu,Katinguelê,1998-01-01,3.42
4Bar7yaARDiDjSvpSJfwQs,202411,False,True,Feliz Aniversário,33,65He91uDnBQZJqUh1dvqIV,Feliz Aniversário,2020-09-04,day,1,3gdaj3L0OqxdaVoxnI7ZGu,Katinguelê,2020-01-01,3.37
6JvZyTg7LGjDw0v3LvXjub,215400,False,True,Marrom Bombom,56,53p7DyRzgGkMf9pdc1jnm0,Os Morenos,1994-03-30,day,12,153Lu5Zmx36hPnRpaHV0zq,Os Morenos,1994-01-01,3.59
2K96QzDf2fC3vtaO3lJpCr,275066,False,True,Teu Charme,44,0wOnCRfTgC9odZ3c4ZLNIz,Teu Charme,1996-09-21,day,13,153Lu5Zmx36hPnRpaHV0zq,Os Morenos,1996-01-01,4.58
7sifJ71fixJZa5jjPHblL3,384933,False,True,Tá afim de Sambar /Olho Grande/Tô dentro Tô fora,30,4CWSGvwyCJ34X8HLPeoMfm,Os Morenos,2016-05-05,day,6,153Lu5Zmx36hPnRpaHV0zq,Os Morenos,2016-01-01,6.42
0WN4f5aHhDwBt2eaoRhEbU,230066,False,True,Só Você Pode Me Fazer Feliz,27,53p7DyRzgGkMf9pdc1jnm0,Os Morenos,1994-03-30,day,12,153Lu5Zmx36hPnRpaHV0zq,Os Morenos,1994-01-01,3.83
1K77qKZnzG7W3J9oW1VTg1,373840,False,True,Amor de Verão / Cordeirinho / Mina de Fé,25,4CWSGvwyCJ34X8HLPeoMfm,Os Morenos,2016-05-05,day,6,153Lu5Zmx36hPnRpaHV0zq,Os Morenos,2016-01-01,6.23
63hsF5OXdCrQUNjASZTQnf,194773,False,True,Amigo Urso,23,0HZJcBs9JJSP8i4C1i8Nvc,Pode Chegar,1999-01-01,day,14,153Lu5Zmx36hPnRpaHV0zq,Os Morenos,1999-01-01,3.25
7frRBmn1kaBvlulNC8RpbS,234733,False,True,Cordeirinho,21,0HZJcBs9JJSP8i4C1i8Nvc,Pode Chegar,1999-01-01,day,14,153Lu5Zmx36hPnRpaHV0zq,Os Morenos,1999-01-01,3.91
7wMeviSsJs0JvjaFx0v6ja,166106,False,True,Marrom Bombom,19,4CWSGvwyCJ34X8HLPeoMfm,Os Morenos,2016-05-05,day,6,153Lu5Zmx36hPnRpaHV0zq,Os Morenos,2016-01-01,2.77
5C9NNyxoskbxg39EANw71z,220306,False,True,Amor Singular,18,0HZJcBs9JJSP8i4C1i8Nvc,Pode Chegar,1999-01-01,day,14,153Lu5Zmx36hPnRpaHV0zq,Os Morenos,1999-01-01,3.67
4Pnh4urH9Os6zgpDokHPpm,235760,False,True,"Pedi Pra Parar, Parou",14,0HZJcBs9JJSP8i4C1i8Nvc,Pode Chegar,1999-01-01,day,14,153Lu5Zmx36hPnRpaHV0zq,Os Morenos,1999-01-01,3.93
3Oi1rRW0QdWsE7SGATTE2z,253440,False,True,Tô te filmando (Sorria),57,6uFnx7EQBN6RHRApBJWGgE,Os Travessos,2000-02-15,day,14,3RpJ23sQA3B70ZgSnT2Vxr,Os Travessos,2000-01-01,4.22
3qWjTdtTYBVQTQiibR3TW5,203840,False,True,Sonhos e Planos (Sou Eu),53,5b8xUCL4NUVNhkbTJ6pYOf,Tarde Ou Cedo,2013-06-03,day,10,3RpJ23sQA3B70ZgSnT2Vxr,Os Travessos,2013-01-01,3.4
7qttF1OKGG0pODeQo89zMB,186395,False,True,Maravilha te Amar,40,0LfuG82u3Bx4NDwSccThIc,Nossa Dança,1997-01-31,day,14,3RpJ23sQA3B70ZgSnT2Vxr,Os Travessos,1997-01-01,3.11
7CzZpoMj9c6MNU4UzEExzk,241933,False,True,Adivinha,44,4ItEltzdfrB6ZjFw09jgQc,Adivinha,2000-02-15,day,14,3RpJ23sQA3B70ZgSnT2Vxr,Os Travessos,2000-01-01,4.03
4kZmhCX7JiF7r0rUdfyFl6,218893,False,True,Dividido - Ao Vivo,43,3QldNJD1ab59h4jqVPXDUh,Os Travessos 20 Anos (Ao Vivo),2015-08-15,day,14,3RpJ23sQA3B70ZgSnT2Vxr,Os Travessos,2015-01-01,3.65
562SQ6vogWQPio2ne6iDgz,259373,False,True,Meu querubim,42,6uFnx7EQBN6RHRApBJWGgE,Os Travessos,2000-02-15,day,14,3RpJ23sQA3B70ZgSnT2Vxr,Os Travessos,2000-01-01,4.32
4fAzkEt0BGFMlsMhu9bGwN,266233,False,True,Quando a Gente Ama,42,0LfuG82u3Bx4NDwSccThIc,Nossa Dança,1997-01-31,day,14,3RpJ23sQA3B70ZgSnT2Vxr,Os Travessos,1997-01-01,4.44
4EfuV1AfSwisgxyXLG8vaT,249720,False,True,Vou te procurar,39,4ItEltzdfrB6ZjFw09jgQc,Adivinha,2000-02-15,day,14,3RpJ23sQA3B70ZgSnT2Vxr,Os Travessos,2000-01-01,4.16
6zkuZPoFUINPwfl0llKhwX,230986,False,True,Um dia pra nós dois,37,6uFnx7EQBN6RHRApBJWGgE,Os Travessos,2000-02-15,day,14,3RpJ23sQA3B70ZgSnT2Vxr,Os Travessos,2000-01-01,3.85
6YmLLVoLlmUP0A5eemkTXK,216586,False,True,A Troco de Nada - Ao Vivo,37,3QldNJD1ab59h4jqVPXDUh,Os Travessos 20 Anos (Ao Vivo),2015-08-15,day,14,3RpJ23sQA3B70ZgSnT2Vxr,Os Travessos,2015-01-01,3.61
