album_id,album_name,album_release_date,album_release_date_precision,album_total_tracks,album_uri,artist_id,artist_name,year_of_album_release
0iU74EJRxkNbobROM1bKiP,Assim Tocam os MEUS TAMBORES,2020-09-27,day,12.0,spotify:album:0iU74EJRxkNbobROM1bKiP,1vEN3d3dJbmdHQpXD6AIkL,Marcelo D2,2020-01-01
1wNvClMbVbPmoUsoFaASCK,AMAR é para os FORTES,2018-09-14,day,10.0,spotify:album:1wNvClMbVbPmoUsoFaASCK,1vEN3d3dJbmdHQpXD6AIkL,Marcelo D2,2018-01-01
0x5glA32LbmAfFluNKsDYH,Nada Pode Me Parar (Ao Vivo),2015-12-16,day,14.0,spotify:album:0x5glA32LbmAfFluNKsDYH,1vEN3d3dJbmdHQpXD6AIkL,Marcelo D2,2015-01-01
0hPixFMI6iDjmqS0XkjTWq,Nada Pode Me Parar,2013-01-01,day,15.0,spotify:album:0hPixFMI6iDjmqS0XkjTWq,1vEN3d3dJbmdHQpXD6AIkL,Marcelo D2,2013-01-01
3I564AuHICCCnWEBHbvtoP,Marcelo D2 - Canta Bezerra Da Silva,2010-01-01,day,15.0,spotify:album:3I564AuHICCCnWEBHbvtoP,1vEN3d3dJbmdHQpXD6AIkL,Marcelo D2,2010-01-01
5ZfSz6IVs85lm5zRxlvAZi,A Arte Do Barulho,2008-01-01,day,11.0,spotify:album:5ZfSz6IVs85lm5zRxlvAZi,1vEN3d3dJbmdHQpXD6AIkL,Marcelo D2,2008-01-01
5MOZhKDPDaRVZJ1v1JXPkO,Looking for the Perfect Beat,2004-01-01,day,13.0,spotify:album:5MOZhKDPDaRVZJ1v1JXPkO,1vEN3d3dJbmdHQpXD6AIkL,Marcelo D2,2004-01-01
6N3dbZ1njWxuZSV3gQrVna,Babylon by Gus Vol. 1 - O Ano do Macaco (Ao Vivo),2020-06-30,day,12.0,spotify:album:6N3dbZ1njWxuZSV3gQrVna,6aCbXH85qN6xo54C7atSMx,Black Alien,2020-01-01
0d9km1VogLi6sN6S95ilyT,Abaixo de Zero: Hello Hell,2019-04-12,day,9.0,spotify:album:0d9km1VogLi6sN6S95ilyT,6aCbXH85qN6xo54C7atSMx,Black Alien,2019-01-01
0i04pel9i3sZ2iUK6X8W9N,"No Princípio Era o Verbo - Babylon by Gus, Vol. II",2015-10-22,day,12.0,spotify:album:0i04pel9i3sZ2iUK6X8W9N,6aCbXH85qN6xo54C7atSMx,Black Alien,2015-01-01
4b3sOdawJWHEY1EKKjIlpt,No Princípio Era o Verbo - Babylon By Gus (Vol. II),2015-10-22,day,12.0,spotify:album:4b3sOdawJWHEY1EKKjIlpt,6aCbXH85qN6xo54C7atSMx,Black Alien,2015-01-01
4Jse3kwJO87INCHv3DmKBN,"No Princípio Era o Verbo - Babylon by Gus, Vol. II",2015-09-08,day,12.0,spotify:album:4Jse3kwJO87INCHv3DmKBN,6aCbXH85qN6xo54C7atSMx,Black Alien,2015-01-01
0RnWcHck1zMA2xIPxDMNkH,Babylon By Gus Vol. 1 - o Ano do Macaco,2004-09-08,day,13.0,spotify:album:0RnWcHck1zMA2xIPxDMNkH,6aCbXH85qN6xo54C7atSMx,Black Alien,2004-01-01
7cfkiCdd6edpUO472ZpOMm,Espiral de Ilusão,2017-04-28,day,10.0,spotify:album:7cfkiCdd6edpUO472ZpOMm,37ZflmHTdxkSLQuT8w9NBs,Criolo,2017-01-01
4otv4T2Rew5smnD73tNz8W,Espiral de Ilusão - Deluxe Edition,2017-04-28,day,12.0,spotify:album:4otv4T2Rew5smnD73tNz8W,37ZflmHTdxkSLQuT8w9NBs,Criolo,2017-01-01
7f8aptGEB4lwp4KMildY4N,Ainda Há Tempo,2016-05-24,day,9.0,spotify:album:7f8aptGEB4lwp4KMildY4N,37ZflmHTdxkSLQuT8w9NBs,Criolo,2016-01-01
0s6eeWdtRBJjhWFjXG9Bcq,Viva Tim Maia,2015-07-31,day,12.0,spotify:album:0s6eeWdtRBJjhWFjXG9Bcq,7dzq55YG3wjViqexDwiycQ,Ivete Sangalo,2015-01-01
48k5IgjoER3755RUTy5EHh,Convoque Seu Buda,2014-05-24,day,10.0,spotify:album:48k5IgjoER3755RUTy5EHh,37ZflmHTdxkSLQuT8w9NBs,Criolo,2014-01-01
3xfZtthn2dlFtFfyyYKEf8,Criolo E Emicida Ao Vivo (Live),2013-01-01,day,18.0,spotify:album:3xfZtthn2dlFtFfyyYKEf8,37ZflmHTdxkSLQuT8w9NBs,Criolo,2013-01-01
2zeWAYgh0WfMhiHwvUV15b,Nó na Orelha,2011-01-01,day,11.0,spotify:album:2zeWAYgh0WfMhiHwvUV15b,37ZflmHTdxkSLQuT8w9NBs,Criolo,2011-01-01
1BGWFAkM0Oz88Dq7v369eP,NU,2021-03-14,day,8.0,spotify:album:1BGWFAkM0Oz88Dq7v369eP,204IwDdaHE4ymGk9Kya2pY,Djonga,2021-01-01
4bVYzv8uj0wanD6BdwmdwM,Ladrão,2019-03-15,day,10.0,spotify:album:4bVYzv8uj0wanD6BdwmdwM,204IwDdaHE4ymGk9Kya2pY,Djonga,2019-01-01
04iHzaSGrOo5MgBY7R2PbX,O MENINO QUE QUERIA SER DEUS,2018-03-16,day,10.0,spotify:album:04iHzaSGrOo5MgBY7R2PbX,204IwDdaHE4ymGk9Kya2pY,Djonga,2018-01-01
2Mlk1lNZ2pzDxvLhLDVUw2,Heresia,2017-03-17,day,10.0,spotify:album:2Mlk1lNZ2pzDxvLhLDVUw2,204IwDdaHE4ymGk9Kya2pY,Djonga,2017-01-01
4cT2oNoqRan9HJiICEU9Ai,Amarelo,2020-03-13,day,12.0,spotify:album:4cT2oNoqRan9HJiICEU9Ai,2d9LRvQJnAXRijqIJDDs2K,Emicida,2020-01-01
6xgkZtzvMFGws8svAYEgCG,Amarelo,2020-02-28,day,12.0,spotify:album:6xgkZtzvMFGws8svAYEgCG,2d9LRvQJnAXRijqIJDDs2K,Emicida,2020-01-01
5cUY5chmS86cdonhoFdn8h,AmarElo,2019-10-30,day,11.0,spotify:album:5cUY5chmS86cdonhoFdn8h,2d9LRvQJnAXRijqIJDDs2K,Emicida,2019-01-01
22ltKhPdKZ4IuFrna73xPG,AmarElo,2019-10-30,day,11.0,spotify:album:22ltKhPdKZ4IuFrna73xPG,2d9LRvQJnAXRijqIJDDs2K,Emicida,2019-01-01
6nFULR21EyYSzxPUr60S3a,10 Anos de Triunfo (Ao Vivo),2018-04-21,day,27.0,spotify:album:6nFULR21EyYSzxPUr60S3a,2d9LRvQJnAXRijqIJDDs2K,Emicida,2018-01-01
1sGdpZ0Ry0qcNAC6ILv4of,10 Anos de Triunfo (Ao Vivo),2018-04-21,day,27.0,spotify:album:1sGdpZ0Ry0qcNAC6ILv4of,2d9LRvQJnAXRijqIJDDs2K,Emicida,2018-01-01
2lS1SW3TJZuKi3N002Wqt1,"About Kids, Hips, Nightmares and Homework …",2016-06-24,day,12.0,spotify:album:2lS1SW3TJZuKi3N002Wqt1,2d9LRvQJnAXRijqIJDDs2K,Emicida,2016-01-01
0LQ999s9ucCKun94i1ZEjr,"Sobre Crianças, Quadris, Pesadelos e Lições de Casa",2015-09-11,day,14.0,spotify:album:0LQ999s9ucCKun94i1ZEjr,2d9LRvQJnAXRijqIJDDs2K,Emicida,2015-01-01
77ye4kGcWBmzcLWFiSCljE,"Sobre Crianças, Quadris, Pesadelos e Lições de Casa...",2015-08-07,day,14.0,spotify:album:77ye4kGcWBmzcLWFiSCljE,2d9LRvQJnAXRijqIJDDs2K,Emicida,2015-01-01
593RZfvtz4IAPWZpELwqDB,"Sobre Crianças, Quadris, Pesadelos e Lições de Casa...",2015-08-07,day,14.0,spotify:album:593RZfvtz4IAPWZpELwqDB,2d9LRvQJnAXRijqIJDDs2K,Emicida,2015-01-01
4ZLLVCn6RnlENQ0nhAS5sS,Rock In Rio (Ao Vivo),2013-08-07,day,12.0,spotify:album:4ZLLVCn6RnlENQ0nhAS5sS,2d9LRvQJnAXRijqIJDDs2K,Emicida,2013-01-01
3xfZtthn2dlFtFfyyYKEf8,Criolo E Emicida Ao Vivo (Live),2013-01-01,day,18.0,spotify:album:3xfZtthn2dlFtFfyyYKEf8,2d9LRvQJnAXRijqIJDDs2K,Emicida,2013-01-01
24FRiS4aTYXDcL48UPknP7,Doozicabraba e a Revolução Silenciosa,2011-12-20,day,10.0,spotify:album:24FRiS4aTYXDcL48UPknP7,2d9LRvQJnAXRijqIJDDs2K,Emicida,2011-01-01
3ZA85zeudxFA1NGeb6avXS,Pra Quem Já Mordeu um Cachorro por Comida Até Que Eu Cheguei Longe,2009-05-01,day,25.0,spotify:album:3ZA85zeudxFA1NGeb6avXS,37ZflmHTdxkSLQuT8w9NBs,Criolo,2009-01-01
7K4Sn0GxfcQnlcV46ZOaT2,Oxigênio (Corona Disco),2020-05-22,day,10.0,spotify:album:7K4Sn0GxfcQnlcV46ZOaT2,45Yz90pqjzEdJzpEQg1eII,Froid,2020-01-01
2BAJGWOgcjDYz9b3tGPuNo,Sol,2019-10-18,day,7.0,spotify:album:2BAJGWOgcjDYz9b3tGPuNo,45Yz90pqjzEdJzpEQg1eII,Froid,2019-01-01
65ddZj6nMC8ypPvzoTxVli,O Pior Disco do Ano,2017-12-22,day,11.0,spotify:album:65ddZj6nMC8ypPvzoTxVli,45Yz90pqjzEdJzpEQg1eII,Froid,2017-01-01
5AfacFVy2Dt7dRqjMDxRWJ,Um Garoto Chamado Rorbeto,2020-02-17,day,5.0,spotify:album:5AfacFVy2Dt7dRqjMDxRWJ,5BWqFYIPTnFx3OPWOoJvmD,Gabriel O Pensador,2020-01-01
4qoMU7ZgpqMWBddob6PNTN,Sem Crise,2012-12-05,day,15.0,spotify:album:4qoMU7ZgpqMWBddob6PNTN,5BWqFYIPTnFx3OPWOoJvmD,Gabriel O Pensador,2012-01-01
66XkQE0mQoKDgitX3Ki5Ew,Cavaleiro Andante,2007-04-28,day,11.0,spotify:album:66XkQE0mQoKDgitX3Ki5Ew,5BWqFYIPTnFx3OPWOoJvmD,Gabriel O Pensador,2007-01-01
2SnGNDNaPIf2OI8MKxgmDi,Gabriel o Pensador (Ao Vivo),2003-12-02,day,16.0,spotify:album:2SnGNDNaPIf2OI8MKxgmDi,5BWqFYIPTnFx3OPWOoJvmD,Gabriel O Pensador,2003-01-01
1ydyV557cJsCNcjIGDUCSG,Seja Você Mesmo (Mas Não Seja Sempre O Mesmo),2001-05-15,day,11.0,spotify:album:1ydyV557cJsCNcjIGDUCSG,5BWqFYIPTnFx3OPWOoJvmD,Gabriel O Pensador,2001-01-01
2yIJ5NiVk8BKvQRPj4RWpB,Nádegas A Declarar,1999-08-18,day,11.0,spotify:album:2yIJ5NiVk8BKvQRPj4RWpB,5BWqFYIPTnFx3OPWOoJvmD,Gabriel O Pensador,1999-01-01
5KgUIN3k122IhwaNqVOV9t,Quebra - Cabeça,1997-08-08,day,12.0,spotify:album:5KgUIN3k122IhwaNqVOV9t,5BWqFYIPTnFx3OPWOoJvmD,Gabriel O Pensador,1997-01-01
1BgsQv4pnzHhlHaPwqJuFC,Ainda É Só O Começo,1995-04-28,day,13.0,spotify:album:1BgsQv4pnzHhlHaPwqJuFC,5BWqFYIPTnFx3OPWOoJvmD,Gabriel O Pensador,1995-01-01
6U8M46eDHMmL6TmlveNxVt,Gabriel O Pensador,1993-05-04,day,10.0,spotify:album:6U8M46eDHMmL6TmlveNxVt,5BWqFYIPTnFx3OPWOoJvmD,Gabriel O Pensador,1993-01-01
6uZweI7OXLIS8WwYb0eVCV,Ambulante,2018-11-08,day,10.0,spotify:album:6uZweI7OXLIS8WwYb0eVCV,6ODCVWBfGNFUf1bpo0c2Ge,Karol Conká,2018-01-01
5bbHNmgbJcOaulF0Ir7jS4,Batuk Freak,2014-02-17,day,12.0,spotify:album:5bbHNmgbJcOaulF0Ir7jS4,6ODCVWBfGNFUf1bpo0c2Ge,Karol Conká,2014-01-01
3rrVsG9Jl0HE9IAWEkqP6I,Batuk Freak,2013-04-08,day,12.0,spotify:album:3rrVsG9Jl0HE9IAWEkqP6I,6ODCVWBfGNFUf1bpo0c2Ge,Karol Conká,2013-01-01
5jvokIwPYtaB2TLPFMZwCk,Batuk Freak (Instrumentals),2013-01-01,year,11.0,spotify:album:5jvokIwPYtaB2TLPFMZwCk,6ODCVWBfGNFUf1bpo0c2Ge,Karol Conká,2013-01-01
3LjUpeeir8PGxVHC9Yg4kU,Karol Conka,2001-03-03,day,7.0,spotify:album:3LjUpeeir8PGxVHC9Yg4kU,6ODCVWBfGNFUf1bpo0c2Ge,Karol Conká,2001-01-01
3PD1Szpx3MmAB1VIiSmm2w,Pavilhão 9 no Estúdio Showlivre (Ao Vivo),2018-04-20,day,10.0,spotify:album:3PD1Szpx3MmAB1VIiSmm2w,5QTksGpRsgrYaFe1Gnf2AH,Pavilhão 9,2018-01-01
4vyGVZ5rmtW9icbNkYdhsc,Antes Durante Depois,2017-08-11,day,10.0,spotify:album:4vyGVZ5rmtW9icbNkYdhsc,5QTksGpRsgrYaFe1Gnf2AH,Pavilhão 9,2017-01-01
1T4q2BxddWhhriHNH3nm4y,Público Alvo,2006-06-01,day,14.0,spotify:album:1T4q2BxddWhhriHNH3nm4y,5QTksGpRsgrYaFe1Gnf2AH,Pavilhão 9,2006-01-01
1D5rnh9Bl39jZZOrfkl3EM,Reação,2000-06-01,day,13.0,spotify:album:1D5rnh9Bl39jZZOrfkl3EM,5QTksGpRsgrYaFe1Gnf2AH,Pavilhão 9,2000-01-01
37wx0Zeao0vu5M789P920W,Se Deus Vier Que Venha Armado,1998-06-01,day,12.0,spotify:album:37wx0Zeao0vu5M789P920W,5QTksGpRsgrYaFe1Gnf2AH,Pavilhão 9,1998-01-01
1c7a4F6mAh53vef9gWrhl5,Cadeia Nacional,1997-06-01,day,15.0,spotify:album:1c7a4F6mAh53vef9gWrhl5,5QTksGpRsgrYaFe1Gnf2AH,Pavilhão 9,1997-01-01
3BIdjnXkWyJPoel9j0TJWW,Procurados Vivos ou Mortos,1996-06-01,day,14.0,spotify:album:3BIdjnXkWyJPoel9j0TJWW,5QTksGpRsgrYaFe1Gnf2AH,Pavilhão 9,1996-01-01
6KcXdTMWQXEpfPaOWb7GHV,Planet Hemp (Ao Vivo),2001-12-02,day,17.0,spotify:album:6KcXdTMWQXEpfPaOWb7GHV,3nasa4yabzvUeb6DzejDYU,Planet Hemp,2001-01-01
0ElMwq6ONWreyOISGZKaTl,A Invasão do Sagaz Homem Fumaça,2000-03-22,day,15.0,spotify:album:0ElMwq6ONWreyOISGZKaTl,3nasa4yabzvUeb6DzejDYU,Planet Hemp,2000-01-01
4HeTmf2mFKrOC4Gw50lLTM,Os Cães Ladram Mas a Caravana Não Pára,1997-03-22,day,15.0,spotify:album:4HeTmf2mFKrOC4Gw50lLTM,3nasa4yabzvUeb6DzejDYU,Planet Hemp,1997-01-01
3nh8vTy0SLuZd6w5LfQaJv,Hemp New Year,1995-12-22,day,8.0,spotify:album:3nh8vTy0SLuZd6w5LfQaJv,3nasa4yabzvUeb6DzejDYU,Planet Hemp,1995-01-01
6IprXLAWCQtujK6LHFt9bn,Usuário,1995-03-22,day,17.0,spotify:album:6IprXLAWCQtujK6LHFt9bn,3nasa4yabzvUeb6DzejDYU,Planet Hemp,1995-01-01
1iELEaLkLUoeRH5u91Iglv,VIVA,2019-08-16,day,9.0,spotify:album:1iELEaLkLUoeRH5u91Iglv,5zq0SGWxrmzpTSXkBEQzMj,Barão Vermelho,2019-01-01
4iBQN73xgA56iyWf7DfZmK,Barão Pra Sempre,2018-04-20,day,9.0,spotify:album:4iBQN73xgA56iyWf7DfZmK,5zq0SGWxrmzpTSXkBEQzMj,Barão Vermelho,2018-01-01
0NGac6o9zachTaIlA2s4bn,Barão Vermelho (Edição Especial 30 Anos),2012-12-18,day,14.0,spotify:album:0NGac6o9zachTaIlA2s4bn,5zq0SGWxrmzpTSXkBEQzMj,Barão Vermelho,2012-01-01
5CtS9j4kbLFsj53rbcphZ8,iCollection - Barão Vermelho,2012-04-23,day,20.0,spotify:album:5CtS9j4kbLFsj53rbcphZ8,5zq0SGWxrmzpTSXkBEQzMj,Barão Vermelho,2012-01-01
0omqd6lOGq6PGvKFlgAjyI,Warner 30 anos,2006-12-30,day,14.0,spotify:album:0omqd6lOGq6PGvKFlgAjyI,5zq0SGWxrmzpTSXkBEQzMj,Barão Vermelho,2006-01-01
4uyV8N9tnZjca9jBapvV5Z,MTV ao Vivo - Vol. 1,2005-11-14,day,12.0,spotify:album:4uyV8N9tnZjca9jBapvV5Z,5zq0SGWxrmzpTSXkBEQzMj,Barão Vermelho,2005-01-01
3s41pCYvYehgWvFF5WU239,Barão Vermelho,2004-12-30,day,11.0,spotify:album:3s41pCYvYehgWvFF5WU239,5zq0SGWxrmzpTSXkBEQzMj,Barão Vermelho,2004-01-01
47nYGGjRH1y8OTxD917Rt3,Warner 25 anos,2001-01-01,day,14.0,spotify:album:47nYGGjRH1y8OTxD917Rt3,5zq0SGWxrmzpTSXkBEQzMj,Barão Vermelho,2001-01-01
2PppLtbehKv0oqhXIJ75VQ,E-collection,2000-01-01,day,27.0,spotify:album:2PppLtbehKv0oqhXIJ75VQ,5zq0SGWxrmzpTSXkBEQzMj,Barão Vermelho,2000-01-01
1pZAnTWf3m8J12MHc5wYEO,Puro Êxtase,1998-01-01,year,10.0,spotify:album:1pZAnTWf3m8J12MHc5wYEO,5zq0SGWxrmzpTSXkBEQzMj,Barão Vermelho,1998-01-01
62IJLokRy550JIxWxiTl7I,Ao Vivo - Remix,1997-01-01,year,12.0,spotify:album:62IJLokRy550JIxWxiTl7I,5zq0SGWxrmzpTSXkBEQzMj,Barão Vermelho,1997-01-01
0m5ZgcxwJuxW0I7kFmOm5r,Carne Crua,1994-07-11,day,11.0,spotify:album:0m5ZgcxwJuxW0I7kFmOm5r,5zq0SGWxrmzpTSXkBEQzMj,Barão Vermelho,1994-01-01
3lFSTtNy58z0G8BH6T5Oe8,Carne Crua,1994-07-11,day,11.0,spotify:album:3lFSTtNy58z0G8BH6T5Oe8,5zq0SGWxrmzpTSXkBEQzMj,Barão Vermelho,1994-01-01
7fLEv3V5H8p1cKB9Uq0Exc,Balada MTV,1990-09-25,day,14.0,spotify:album:7fLEv3V5H8p1cKB9Uq0Exc,5zq0SGWxrmzpTSXkBEQzMj,Barão Vermelho,1990-01-01
5x7S6IiS5cebErNggGiyJG,Barão (Ao Vivo),1990-09-25,day,10.0,spotify:album:5x7S6IiS5cebErNggGiyJG,5zq0SGWxrmzpTSXkBEQzMj,Barão Vermelho,1990-01-01
2MxCDi2oy9h5J5arGTjUxM,Carnaval,1990-09-25,day,10.0,spotify:album:2MxCDi2oy9h5J5arGTjUxM,5zq0SGWxrmzpTSXkBEQzMj,Barão Vermelho,1990-01-01
6xDiThAzDskxiamlfYn9t2,Geração Pop 2,1990-09-25,day,13.0,spotify:album:6xDiThAzDskxiamlfYn9t2,5zq0SGWxrmzpTSXkBEQzMj,Barão Vermelho,1990-01-01
4vEH3YnfMSc6yszlC6rOFG,Pop Brasil,1990-09-25,day,13.0,spotify:album:4vEH3YnfMSc6yszlC6rOFG,5zq0SGWxrmzpTSXkBEQzMj,Barão Vermelho,1990-01-01
0jYW75gnTR4w5TamakIEII,Supermercados da Vida,1990-09-25,day,14.0,spotify:album:0jYW75gnTR4w5TamakIEII,5zq0SGWxrmzpTSXkBEQzMj,Barão Vermelho,1990-01-01
16uGTpKaafaxJP03LFjsNk,Na calada da noite,1990-01-01,day,11.0,spotify:album:16uGTpKaafaxJP03LFjsNk,5zq0SGWxrmzpTSXkBEQzMj,Barão Vermelho,1990-01-01
7EsQjYZr21sRIaQphQbL4K,Ilustre Guerreiro (Ao Vivo),2020-06-12,day,28.0,spotify:album:7EsQjYZr21sRIaQphQbL4K,7E5dcvoiZra9wwBuXYAYTw,Biquini Cavadão,2020-01-01
5uQsSBEKgSb5pFWmTmJR80,Ilustre Guerreiro (Uma Homenagem a Herbert Vianna),2018-11-30,day,8.0,spotify:album:5uQsSBEKgSb5pFWmTmJR80,7E5dcvoiZra9wwBuXYAYTw,Biquini Cavadão,2018-01-01
42nRpkZFS7IZUjCSj3Mb5Q,Perfil - Biquini Cavadão,2018-07-20,day,14.0,spotify:album:42nRpkZFS7IZUjCSj3Mb5Q,7E5dcvoiZra9wwBuXYAYTw,Biquini Cavadão,2018-01-01
0Y3pEL3gHzBIKSlVKR4yy8,As Voltas Que o Mundo Dá (Deluxe Edition),2017-09-08,day,25.0,spotify:album:0Y3pEL3gHzBIKSlVKR4yy8,7E5dcvoiZra9wwBuXYAYTw,Biquini Cavadão,2017-01-01
2TkLsObqvt5XcX3R7Hg2Z5,As Voltas Que o Mundo Dá,2017-02-28,day,12.0,spotify:album:2TkLsObqvt5XcX3R7Hg2Z5,7E5dcvoiZra9wwBuXYAYTw,Biquini Cavadão,2017-01-01
7IdetxqZaWrDWw3BRyaILL,As Voltas Que o Mundo Dá,2017-01-27,day,12.0,spotify:album:7IdetxqZaWrDWw3BRyaILL,7E5dcvoiZra9wwBuXYAYTw,Biquini Cavadão,2017-01-01
1KLxHfVzux6Zqf9tBT5Si6,As Voltas Que o Mundo Dá (Deluxe Edition),2017-01-20,day,26.0,spotify:album:1KLxHfVzux6Zqf9tBT5Si6,7E5dcvoiZra9wwBuXYAYTw,Biquini Cavadão,2017-01-01
0cKBVIuWKetInJRkJ92knj,Me Leve Sem Destino (Deluxe Edition) [Ao Vivo],2015-01-20,day,40.0,spotify:album:0cKBVIuWKetInJRkJ92knj,7E5dcvoiZra9wwBuXYAYTw,Biquini Cavadão,2015-01-01
2G4f92hel6it1Ty6FJDFrn,Me Leve Sem Destino (Ao Vivo),2014-09-12,day,30.0,spotify:album:2G4f92hel6it1Ty6FJDFrn,7E5dcvoiZra9wwBuXYAYTw,Biquini Cavadão,2014-01-01
6HmNiFpqASFekD4N3t9hKw,Roda-Gigante (Edição Especial),2013-06-11,day,28.0,spotify:album:6HmNiFpqASFekD4N3t9hKw,7E5dcvoiZra9wwBuXYAYTw,Biquini Cavadão,2013-01-01
6AfX7Y7dOQlorLYoDGhZpm,Tudo Muito Rápido - Hits e Raridades,2013-04-29,day,21.0,spotify:album:6AfX7Y7dOQlorLYoDGhZpm,7E5dcvoiZra9wwBuXYAYTw,Biquini Cavadão,2013-01-01
0NU7C1OsbkY6PQYvYJy5DP,1985/2007 Sucessos Regravados: O Melhor,2013-04-08,day,14.0,spotify:album:0NU7C1OsbkY6PQYvYJy5DP,7E5dcvoiZra9wwBuXYAYTw,Biquini Cavadão,2013-01-01
6Q32ZIEGQI8j6shb46l4xY,Roda-Gigante,2013-03-14,day,12.0,spotify:album:6Q32ZIEGQI8j6shb46l4xY,7E5dcvoiZra9wwBuXYAYTw,Biquini Cavadão,2013-01-01
27liMBtarOKIVNxiklg0NT,Seleção Essencial - Grandes Sucessos - Biquini Cavadão,2013-01-01,year,15.0,spotify:album:27liMBtarOKIVNxiklg0NT,7E5dcvoiZra9wwBuXYAYTw,Biquini Cavadão,2013-01-01
7cHnlo6DaolWjHZUqkTIRb,Fundamental - Biquini Cavadão,2013-01-01,year,16.0,spotify:album:7cHnlo6DaolWjHZUqkTIRb,7E5dcvoiZra9wwBuXYAYTw,Biquini Cavadão,2013-01-01
3Cs4Dl8o9w5PuQvgUQMDXQ,Ao Vivo (Deluxe Version),2012-07-24,day,18.0,spotify:album:3Cs4Dl8o9w5PuQvgUQMDXQ,7E5dcvoiZra9wwBuXYAYTw,Biquini Cavadão,2012-01-01
5JHdfdx9qv6WiEbdkLOzbO,"80, Vol. 2 (Ao Vivo no Circo Voador) [Deluxe]",2008-11-26,day,20.0,spotify:album:5JHdfdx9qv6WiEbdkLOzbO,7E5dcvoiZra9wwBuXYAYTw,Biquini Cavadão,2008-01-01
58WQfRpbVZG5rlcoQnUiYy,"1985/2007 Sucessos Regravados, Vol. 2",2007-12-05,day,12.0,spotify:album:58WQfRpbVZG5rlcoQnUiYy,7E5dcvoiZra9wwBuXYAYTw,Biquini Cavadão,2007-01-01
12bs6tiZXFaa6ckOh0g47m,"1985/2007 Sucessos Regravados, Vol. 1",2007-12-04,day,12.0,spotify:album:12bs6tiZXFaa6ckOh0g47m,7E5dcvoiZra9wwBuXYAYTw,Biquini Cavadão,2007-01-01
7Gk14pgc5UmZvGio400CFL,Só Quem Sonha Acordado Vê o Sol Nascer,2007-09-14,day,14.0,spotify:album:7Gk14pgc5UmZvGio400CFL,7E5dcvoiZra9wwBuXYAYTw,Biquini Cavadão,2007-01-01
7uJxmC5sFUXrC4o8YVoSqj,Sonora,2018-12-14,day,11.0,spotify:album:7uJxmC5sFUXrC4o8YVoSqj,4Z0yuwHVJBROVZqFpTIr0d,Capital Inicial,2018-01-01
2t5g2yjLy9HIhWF0JskZTQ,Capital Inicial Acústico NYC (Ao Vivo) [Deluxe],2015-11-18,day,23.0,spotify:album:2t5g2yjLy9HIhWF0JskZTQ,4Z0yuwHVJBROVZqFpTIr0d,Capital Inicial,2015-01-01
4BxwapKx1KbgtfSHpAvMVl,Millennium - Capital Inicial,2015-02-03,day,20.0,spotify:album:4BxwapKx1KbgtfSHpAvMVl,4Z0yuwHVJBROVZqFpTIr0d,Capital Inicial,2015-01-01
7jn40zUQPu9OG9hUPI5Z37,Viva a Revolução,2014-07-22,day,7.0,spotify:album:7jn40zUQPu9OG9hUPI5Z37,4Z0yuwHVJBROVZqFpTIr0d,Capital Inicial,2014-01-01
7MTIo3zdtcxYnnkfbE8eSS,Mega Hits - Capital Inicial,2013-11-18,day,25.0,spotify:album:7MTIo3zdtcxYnnkfbE8eSS,4Z0yuwHVJBROVZqFpTIr0d,Capital Inicial,2013-01-01
33nrXgHUoRhHv4vZKj9wmf,Saturno (Deluxe Edition),2013-05-20,day,13.0,spotify:album:33nrXgHUoRhHv4vZKj9wmf,4Z0yuwHVJBROVZqFpTIr0d,Capital Inicial,2013-01-01
48g0yaF7aaHAZzxwYbiNBj,Rock in Rio 2011 - Capital Inicial,2012-07-24,day,13.0,spotify:album:48g0yaF7aaHAZzxwYbiNBj,4Z0yuwHVJBROVZqFpTIr0d,Capital Inicial,2012-01-01
3tNHGNaofaNKUJy9trGlfY,Das Kapital,2010-06-07,day,11.0,spotify:album:3tNHGNaofaNKUJy9trGlfY,4Z0yuwHVJBROVZqFpTIr0d,Capital Inicial,2010-01-01
77YPXxIzAzRD1vXMF3JQQJ,Capital Inicial Multishow Ao Vivo,2008-01-01,year,17.0,spotify:album:77YPXxIzAzRD1vXMF3JQQJ,4Z0yuwHVJBROVZqFpTIr0d,Capital Inicial,2008-01-01
6HeX2R2bvykIQ4bXIMZQFG,Eu Nunca Disse Adeus,2007-01-01,year,13.0,spotify:album:6HeX2R2bvykIQ4bXIMZQFG,4Z0yuwHVJBROVZqFpTIr0d,Capital Inicial,2007-01-01
0G6oExoqQlcKn7PjWg65h8,Especial Aborto Elétrico,2005-12-02,day,18.0,spotify:album:0G6oExoqQlcKn7PjWg65h8,4Z0yuwHVJBROVZqFpTIr0d,Capital Inicial,2005-01-01
0ihSReePX2nOR1th5RAXDM,Capital Inicial: Ao Vivo,2004-11-27,day,17.0,spotify:album:0ihSReePX2nOR1th5RAXDM,4Z0yuwHVJBROVZqFpTIr0d,Capital Inicial,2004-01-01
3fOHsn5hHJKbaGwnW0AtDs,Gigante,2004-02-03,day,12.0,spotify:album:3fOHsn5hHJKbaGwnW0AtDs,4Z0yuwHVJBROVZqFpTIr0d,Capital Inicial,2004-01-01
1TtIcIQoux9lVNOJp856vx,Rosas e Vinho Tinto,2002-01-01,year,16.0,spotify:album:1TtIcIQoux9lVNOJp856vx,4Z0yuwHVJBROVZqFpTIr0d,Capital Inicial,2002-01-01
6XOlwQLbNwipfAERVXW0oa,Capital Inicial Sem Limite,2001-01-08,day,30.0,spotify:album:6XOlwQLbNwipfAERVXW0oa,4Z0yuwHVJBROVZqFpTIr0d,Capital Inicial,2001-01-01
2mt6segSup7hVNxC12Pji0,Acústico Capital Inicial,2000-01-01,year,14.0,spotify:album:2mt6segSup7hVNxC12Pji0,4Z0yuwHVJBROVZqFpTIr0d,Capital Inicial,2000-01-01
7dqN1np4qn5R0Of1mbdrfN,Atrás dos Olhos,1998-06-05,day,12.0,spotify:album:7dqN1np4qn5R0Of1mbdrfN,4Z0yuwHVJBROVZqFpTIr0d,Capital Inicial,1998-01-01
7KW5ZQQCOJG1kOmB056htB,Capital Inicial - Remixes,1998-01-01,day,13.0,spotify:album:7KW5ZQQCOJG1kOmB056htB,4Z0yuwHVJBROVZqFpTIr0d,Capital Inicial,1998-01-01
3K9OZNIasWkzI7mG5moakQ,Eletricidade,1991-08-05,day,14.0,spotify:album:3K9OZNIasWkzI7mG5moakQ,4Z0yuwHVJBROVZqFpTIr0d,Capital Inicial,1991-01-01
3oU7tAlTdbTXy4o1PuOFkb,Todos Os Lados,1989-01-01,day,11.0,spotify:album:3oU7tAlTdbTXy4o1PuOFkb,4Z0yuwHVJBROVZqFpTIr0d,Capital Inicial,1989-01-01
3awiXs3c4O3q7xoR2ohwOP,Cazuza Exagerado,2017-06-12,day,13.0,spotify:album:3awiXs3c4O3q7xoR2ohwOP,1PwOU6fFbmaGkK3wkbb8fU,Cazuza,2017-01-01
5fqfePJSPEd5WwyetFIcnu,Cazuza Exagerado,2017-06-12,day,11.0,spotify:album:5fqfePJSPEd5WwyetFIcnu,1PwOU6fFbmaGkK3wkbb8fU,Cazuza,2017-01-01
4gPv1xW4eS1InXWOWZrIw3,Ideologia,2011-01-01,day,12.0,spotify:album:4gPv1xW4eS1InXWOWZrIw3,1PwOU6fFbmaGkK3wkbb8fU,Cazuza,2011-01-01
5aQdsXEdrs2CVsiPaB5tDV,O Tempo Não Pára - Ao Vivo,2011-01-01,day,10.0,spotify:album:5aQdsXEdrs2CVsiPaB5tDV,1PwOU6fFbmaGkK3wkbb8fU,Cazuza,2011-01-01
0lRm42MzwQ7dTURAN9VBcE,Só Se For A Dois,2011-01-01,day,11.0,spotify:album:0lRm42MzwQ7dTURAN9VBcE,1PwOU6fFbmaGkK3wkbb8fU,Cazuza,2011-01-01
03WIJNYqKoYv6eRhYGMaKJ,Novo Millennium,2005-01-01,year,20.0,spotify:album:03WIJNYqKoYv6eRhYGMaKJ,1PwOU6fFbmaGkK3wkbb8fU,Cazuza,2005-01-01
2MpIxrlur5xqXjx9Mja3AR,I Love MPB - O Nosso Amor A Gente Inventa,2004-01-01,day,14.0,spotify:album:2MpIxrlur5xqXjx9Mja3AR,1PwOU6fFbmaGkK3wkbb8fU,Cazuza,2004-01-01
4BH4pAe3AWqdhtPBegqmky,Gold,2002-01-01,day,14.0,spotify:album:4BH4pAe3AWqdhtPBegqmky,1PwOU6fFbmaGkK3wkbb8fU,Cazuza,2002-01-01
5wI6v3Gfb9gqXBzGTXb2g5,Cazuza Sem Limite,2001-01-08,day,24.0,spotify:album:5wI6v3Gfb9gqXBzGTXb2g5,1PwOU6fFbmaGkK3wkbb8fU,Cazuza,2001-01-01
04az1ZZFd1C8WEsa7cZD7F,Minha História,1993-01-01,day,14.0,spotify:album:04az1ZZFd1C8WEsa7cZD7F,1PwOU6fFbmaGkK3wkbb8fU,Cazuza,1993-01-01
3BZiUWv4UtRZeCVCDAtUDa,Por Aí...,1991-07-09,day,11.0,spotify:album:3BZiUWv4UtRZeCVCDAtUDa,1PwOU6fFbmaGkK3wkbb8fU,Cazuza,1991-01-01
1lI4T3yXs03nU6Jd51wgyT,Burguesia,1989-08-21,day,20.0,spotify:album:1lI4T3yXs03nU6Jd51wgyT,1PwOU6fFbmaGkK3wkbb8fU,Cazuza,1989-01-01
073pA3svr24ldbFfRG3gpL,Burguesia,1989-02-17,day,20.0,spotify:album:073pA3svr24ldbFfRG3gpL,1PwOU6fFbmaGkK3wkbb8fU,Cazuza,1989-01-01
0EeQ43GyKU8pVTULAlx5be,Ideologia,1988-01-01,day,12.0,spotify:album:0EeQ43GyKU8pVTULAlx5be,1PwOU6fFbmaGkK3wkbb8fU,Cazuza,1988-01-01
35SG0aJIj3tEGOUzHrtbEa,O Tempo Nao Pára - Cazuza Ao Vivo,1988-01-01,day,10.0,spotify:album:35SG0aJIj3tEGOUzHrtbEa,1PwOU6fFbmaGkK3wkbb8fU,Cazuza,1988-01-01
3oDvGnTi4xDQujcc8v8mrs,Só Se For A Dois,1987-01-19,day,11.0,spotify:album:3oDvGnTi4xDQujcc8v8mrs,1PwOU6fFbmaGkK3wkbb8fU,Cazuza,1987-01-01
6WvN5lJoLYNXc8HYLuxjeX,Exagerado,1985-01-01,year,10.0,spotify:album:6WvN5lJoLYNXc8HYLuxjeX,1PwOU6fFbmaGkK3wkbb8fU,Cazuza,1985-01-01
5tz2FTUWhRLsqSDjbWwsy6,Charlie Brown Jr. Em Casa,2020-05-28,day,20.0,spotify:album:5tz2FTUWhRLsqSDjbWwsy6,1on7ZQ2pvgeQF4vmIA09x5,Charlie Brown Jr.,2020-01-01
0GBMhUusSjw9soVbVFRERp,Transpiração Contínua Prolongada - Edição Comemorativa,2017-10-27,day,31.0,spotify:album:0GBMhUusSjw9soVbVFRERp,1on7ZQ2pvgeQF4vmIA09x5,Charlie Brown Jr.,2017-01-01
1S268Op83O29AXDidhJuY2,"Música Popular Caiçara, Vol. 2 (Ao Vivo)",2016-08-26,day,14.0,spotify:album:1S268Op83O29AXDidhJuY2,1on7ZQ2pvgeQF4vmIA09x5,Charlie Brown Jr.,2016-01-01
2Ov5ciTOEZcvCNZQKtiye4,A Arte De Charlie Brown Jr.,2015-10-30,day,20.0,spotify:album:2Ov5ciTOEZcvCNZQKtiye4,1on7ZQ2pvgeQF4vmIA09x5,Charlie Brown Jr.,2015-01-01
53GOG940xY4LOpgD8YzQrJ,La Familia 013,2013-10-08,day,13.0,spotify:album:53GOG940xY4LOpgD8YzQrJ,1on7ZQ2pvgeQF4vmIA09x5,Charlie Brown Jr.,2013-01-01
7ueFez6O91AnEVF5chWKLK,Musica Popular Caiçara (Ao Vivo),2013-03-13,day,15.0,spotify:album:7ueFez6O91AnEVF5chWKLK,1on7ZQ2pvgeQF4vmIA09x5,Charlie Brown Jr.,2013-01-01
4LBbEzawFlIQuFBEvBVw2z,Música Popular Caiçara (Edição Luxo) [Ao Vivo],2012-05-02,day,29.0,spotify:album:4LBbEzawFlIQuFBEvBVw2z,1on7ZQ2pvgeQF4vmIA09x5,Charlie Brown Jr.,2012-01-01
3T1n2CfGfA9W5uGhAa7YrU,Música Popular Caiçara (Ao Vivo),2012-03-19,day,15.0,spotify:album:3T1n2CfGfA9W5uGhAa7YrU,1on7ZQ2pvgeQF4vmIA09x5,Charlie Brown Jr.,2012-01-01
0ZAr8mzCFeBQ0Rl5UpuWzS,Papo Reto,2011-01-03,day,16.0,spotify:album:0ZAr8mzCFeBQ0Rl5UpuWzS,1on7ZQ2pvgeQF4vmIA09x5,Charlie Brown Jr.,2011-01-01
0tbiBipiOorOAnL7XWFbgt,Camisa 10 joga bola até na chuva,2009-09-16,day,13.0,spotify:album:0tbiBipiOorOAnL7XWFbgt,1on7ZQ2pvgeQF4vmIA09x5,Charlie Brown Jr.,2009-01-01
3e2WOV0Eec9EJHRIfaHQs8,Ritmo Ritual E Responsa Ao Vivo,2008-01-05,day,20.0,spotify:album:3e2WOV0Eec9EJHRIfaHQs8,1on7ZQ2pvgeQF4vmIA09x5,Charlie Brown Jr.,2008-01-01
6TU7bDQ5q465gcVt84NPeb,De 1997 A 2007,2008-01-01,day,28.0,spotify:album:6TU7bDQ5q465gcVt84NPeb,1on7ZQ2pvgeQF4vmIA09x5,Charlie Brown Jr.,2008-01-01
0wHl2FK2AEhwIiYISv7cJ4,"Ritmo, Ritual E Responsa",2007-03-10,day,21.0,spotify:album:0wHl2FK2AEhwIiYISv7cJ4,1on7ZQ2pvgeQF4vmIA09x5,Charlie Brown Jr.,2007-01-01
1l8K5fgYz4J0ZZyjMVd6Q1,Imunidade Musical,2005-01-01,day,22.0,spotify:album:1l8K5fgYz4J0ZZyjMVd6Q1,1on7ZQ2pvgeQF4vmIA09x5,Charlie Brown Jr.,2005-01-01
6PsijYuoyIB4vgV5brmbhq,Tamo Ai Na Atividade,2004-01-01,day,15.0,spotify:album:6PsijYuoyIB4vgV5brmbhq,1on7ZQ2pvgeQF4vmIA09x5,Charlie Brown Jr.,2004-01-01
0AFkktyrrPtQvpIBqpRrc7,Acústico (Ao Vivo),2003-01-06,day,20.0,spotify:album:0AFkktyrrPtQvpIBqpRrc7,1on7ZQ2pvgeQF4vmIA09x5,Charlie Brown Jr.,2003-01-01
1FsdTRaD7Ec15uKh71PhkE,Bocas Ordinárias,2002-01-01,day,12.0,spotify:album:1FsdTRaD7Ec15uKh71PhkE,1on7ZQ2pvgeQF4vmIA09x5,Charlie Brown Jr.,2002-01-01
0Dcy3ThOh8LS1qhXUbZWH7,100% Charlie Brown Jr - Abalando A Sua Fábrica,2001-01-01,day,12.0,spotify:album:0Dcy3ThOh8LS1qhXUbZWH7,1on7ZQ2pvgeQF4vmIA09x5,Charlie Brown Jr.,2001-01-01
5eF1HzO5mIQxs7bCwW9TJC,Nadando Com Os Tubarões,2000-01-01,day,14.0,spotify:album:5eF1HzO5mIQxs7bCwW9TJC,1on7ZQ2pvgeQF4vmIA09x5,Charlie Brown Jr.,2000-01-01
2hLNxoJZ5kZoBEX0XGBRNu,"Preço Curto, Prazo Longo",1999-01-05,day,25.0,spotify:album:2hLNxoJZ5kZoBEX0XGBRNu,1on7ZQ2pvgeQF4vmIA09x5,Charlie Brown Jr.,1999-01-01
1GSWscE57Om1uvMRgcSDPZ,sua alegria foi cancelada,2019-07-05,day,10.0,spotify:album:1GSWscE57Om1uvMRgcSDPZ,2sFXe6NbmT3k7Qy4N8fE7f,Fresno,2019-01-01
3GnxxTD6myp5iDR8DWLlqA,sua alegria foi cancelada,2019-07-05,day,10.0,spotify:album:3GnxxTD6myp5iDR8DWLlqA,2sFXe6NbmT3k7Qy4N8fE7f,Fresno,2019-01-01
3nlwDi6akW94ETRcKLTZni,NATUREZA CAOS:LIVE,2019-02-22,day,10.0,spotify:album:3nlwDi6akW94ETRcKLTZni,2sFXe6NbmT3k7Qy4N8fE7f,Fresno,2019-01-01
29py48OnsL7go7JNImWPLn,A Sinfonia de Tudo Que Há - Deluxe,2017-10-27,day,17.0,spotify:album:29py48OnsL7go7JNImWPLn,2sFXe6NbmT3k7Qy4N8fE7f,Fresno,2017-01-01
2GYQYOTOE2oIX5aNuXci4y,A Sinfonia de Tudo Que Há,2016-10-13,day,11.0,spotify:album:2GYQYOTOE2oIX5aNuXci4y,2sFXe6NbmT3k7Qy4N8fE7f,Fresno,2016-01-01
4Vgu9EaWuNUXI6BXilTHh6,Ciano - Ao Vivo,2016-09-05,day,14.0,spotify:album:4Vgu9EaWuNUXI6BXilTHh6,2sFXe6NbmT3k7Qy4N8fE7f,Fresno,2016-01-01
4YNKlij3xmPp1nZCGYPOFy,Fresno 15 Anos ao Vivo (Deluxe),2015-04-28,day,25.0,spotify:album:4YNKlij3xmPp1nZCGYPOFy,2sFXe6NbmT3k7Qy4N8fE7f,Fresno,2015-01-01
6bI9Kob4NFSmb70Qw7Xmmf,Infinito,2012-11-01,day,11.0,spotify:album:6bI9Kob4NFSmb70Qw7Xmmf,2sFXe6NbmT3k7Qy4N8fE7f,Fresno,2012-01-01
6SH5RNO347OXTrPndPUj52,Revanche,2010-01-01,day,13.0,spotify:album:6SH5RNO347OXTrPndPUj52,2sFXe6NbmT3k7Qy4N8fE7f,Fresno,2010-01-01
5sGhESwWqScpGGi0Dipc3w,O Outro Lado Da Porta - Audio Do DVD,2009-01-01,day,15.0,spotify:album:5sGhESwWqScpGGi0Dipc3w,2sFXe6NbmT3k7Qy4N8fE7f,Fresno,2009-01-01
4j5DCqWtUEBoO1AFvgKjKF,Redenção,2008-01-01,day,13.0,spotify:album:4j5DCqWtUEBoO1AFvgKjKF,2sFXe6NbmT3k7Qy4N8fE7f,Fresno,2008-01-01
045PXgmguVjBFJ1PVMCgZO,Ciano,2006-06-01,day,14.0,spotify:album:045PXgmguVjBFJ1PVMCgZO,2sFXe6NbmT3k7Qy4N8fE7f,Fresno,2006-01-01
5Nnrk2RqrfzY8Endul8NOb,O Rio a Cidade a Árvore,2004-12-10,day,12.0,spotify:album:5Nnrk2RqrfzY8Endul8NOb,2sFXe6NbmT3k7Qy4N8fE7f,Fresno,2004-01-01
0HgC2vLEjGrn1zMNFdCrCV,Quarto Dos Livros,2003-08-01,day,10.0,spotify:album:0HgC2vLEjGrn1zMNFdCrCV,2sFXe6NbmT3k7Qy4N8fE7f,Fresno,2003-01-01
4wZppJaGUTOErkatEfLKYT,Antologia Politicamente Incorreta dos Anos 80 pelo Rock,2018-08-10,day,25.0,spotify:album:4wZppJaGUTOErkatEfLKYT,3LWCuB9QxDmpLhhGwqU04N,Lobão,2018-01-01
15S4UCrGu36rKG1lUKkeCo,O Rigor e a Misericórdia,2016-01-01,day,14.0,spotify:album:15S4UCrGu36rKG1lUKkeCo,3LWCuB9QxDmpLhhGwqU04N,Lobão,2016-01-01
4W7av9RuxxlBvsBz7SpRKL,"Lobão Elétrico Lino, Sexy & Brutal - Ao Vivo Em São Paulo",2012-10-02,day,13.0,spotify:album:4W7av9RuxxlBvsBz7SpRKL,3LWCuB9QxDmpLhhGwqU04N,Lobão,2012-01-01
12nAGrHLQduTMcJx21rGuZ,"Lobão Elétrico Lino, Sexy & Brutal - Ao Vivo Em São Paulo (Deluxe Version)",2012-10-02,day,19.0,spotify:album:12nAGrHLQduTMcJx21rGuZ,3LWCuB9QxDmpLhhGwqU04N,Lobão,2012-01-01
5tr7OqRJmrQzQzdhrdNbdl,Box Lobão - 81/91,2010-10-02,day,41.0,spotify:album:5tr7OqRJmrQzQzdhrdNbdl,3LWCuB9QxDmpLhhGwqU04N,Lobão,2010-01-01
7yQKobj0aV7mOZSwLWj7kR,Acústico Lobão,2007-12-02,day,18.0,spotify:album:7yQKobj0aV7mOZSwLWj7kR,3LWCuB9QxDmpLhhGwqU04N,Lobão,2007-01-01
4UA3h4M9mAxqGu5b3Utl6I,Canções Dentro da Noite Escura,2005-08-10,day,13.0,spotify:album:4UA3h4M9mAxqGu5b3Utl6I,3LWCuB9QxDmpLhhGwqU04N,Lobão,2005-01-01
2EseZwx2n48F88cAeR87QU,Uma Odisséia no Universo Paralelo (2001),2001-01-01,day,15.0,spotify:album:2EseZwx2n48F88cAeR87QU,3LWCuB9QxDmpLhhGwqU04N,Lobão,2001-01-01
0txk2x1KeSdy6FRuMlcpzN,Lobão Ao Vivo,2000-04-19,day,13.0,spotify:album:0txk2x1KeSdy6FRuMlcpzN,3LWCuB9QxDmpLhhGwqU04N,Lobão,2000-01-01
2h3fTED5IdvzwM5XYHfwlk,A Vida É Doce,1999-04-10,day,11.0,spotify:album:2h3fTED5IdvzwM5XYHfwlk,3LWCuB9QxDmpLhhGwqU04N,Lobão,1999-01-01
7HbwxfYJmIlRNCC8jLB9Fg,Vida Bandida,1997-01-01,year,10.0,spotify:album:7HbwxfYJmIlRNCC8jLB9Fg,3LWCuB9QxDmpLhhGwqU04N,Lobão,1997-01-01
3u6M2hF2EEGC2qfhH1Mfp9,O Inferno é Fogo,1991-05-13,day,11.0,spotify:album:3u6M2hF2EEGC2qfhH1Mfp9,3LWCuB9QxDmpLhhGwqU04N,Lobão,1991-01-01
2AABA7qmR2XON23n0AxPAu,Sob O Sol De Parador,1989-10-02,day,10.0,spotify:album:2AABA7qmR2XON23n0AxPAu,3LWCuB9QxDmpLhhGwqU04N,Lobão,1989-01-01
1BaaU5pRylMlC71garP2A5,Sob O Sol De Parador,1989-03-30,day,10.0,spotify:album:1BaaU5pRylMlC71garP2A5,3LWCuB9QxDmpLhhGwqU04N,Lobão,1989-01-01
0x3jNrBUztseRbz840pGnr,Vida Bandida,1987-10-01,day,10.0,spotify:album:0x3jNrBUztseRbz840pGnr,3LWCuB9QxDmpLhhGwqU04N,Lobão,1987-01-01
1mGU4TLsEmo4brfgYv6K3U,Vida Bandida,1987-03-25,day,10.0,spotify:album:1mGU4TLsEmo4brfgYv6K3U,3LWCuB9QxDmpLhhGwqU04N,Lobão,1987-01-01
3FIucEe67u3bqrRiH9W0Io,O Rock Errou,1986-03-30,day,10.0,spotify:album:3FIucEe67u3bqrRiH9W0Io,3LWCuB9QxDmpLhhGwqU04N,Lobão,1986-01-01
7oxLIEPCeZf5cjocSVtHWg,Titãs Trio Acústico,2021-01-29,day,25.0,spotify:album:7oxLIEPCeZf5cjocSVtHWg,2euX7vCVnJy3TVEGfc0RCl,Titãs,2021-01-01
58SJ5GEjT0MCqPJWft7osf,Titãs Trio Acústico,2021-01-29,day,25.0,spotify:album:58SJ5GEjT0MCqPJWft7osf,2euX7vCVnJy3TVEGfc0RCl,Titãs,2021-01-01
0XUFHQs4CYXdNb5RDp8ehh,Sacos Plásticos (2019 Remastered),2019-06-14,day,14.0,spotify:album:0XUFHQs4CYXdNb5RDp8ehh,2euX7vCVnJy3TVEGfc0RCl,Titãs,2019-01-01
4sUq62iTAUShD1QIbZlXgj,Doze Flores Amarelas - A Ópera Rock (Ao Vivo),2018-09-28,day,34.0,spotify:album:4sUq62iTAUShD1QIbZlXgj,2euX7vCVnJy3TVEGfc0RCl,Titãs,2018-01-01
6nu7WFQL1KLzEUXAu4EJw4,Doze Flores Amarelas - A Ópera Rock,2018-05-25,day,29.0,spotify:album:6nu7WFQL1KLzEUXAu4EJw4,2euX7vCVnJy3TVEGfc0RCl,Titãs,2018-01-01
6DEzVPKvmHBcTY3Gp3iaHA,Nheengatu - Ao Vivo (Deluxe),2015-09-04,day,23.0,spotify:album:6DEzVPKvmHBcTY3Gp3iaHA,2euX7vCVnJy3TVEGfc0RCl,Titãs,2015-01-01
7sH8F9Nh0ud7Q4q4OrmV6A,Titãs - iCollection,2015-09-04,day,20.0,spotify:album:7sH8F9Nh0ud7Q4q4OrmV6A,2euX7vCVnJy3TVEGfc0RCl,Titãs,2015-01-01
13WLR3zNusjN8Sc9E5WkoH,Nheengatu,2014-05-12,day,14.0,spotify:album:13WLR3zNusjN8Sc9E5WkoH,2euX7vCVnJy3TVEGfc0RCl,Titãs,2014-01-01
43JdMQ3yDjaCna4aFf7PRC,Cabeça Dinossauro - Edição Comemorativa 30 anos - Deluxe,2012-05-21,day,26.0,spotify:album:43JdMQ3yDjaCna4aFf7PRC,2euX7vCVnJy3TVEGfc0RCl,Titãs,2012-01-01
4GA5odXV5u6yFJlPL7ml0o,Cabeça Dinossauro Ao Vivo,2012-01-01,day,13.0,spotify:album:4GA5odXV5u6yFJlPL7ml0o,2euX7vCVnJy3TVEGfc0RCl,Titãs,2012-01-01
198oxOSVBBGJGtxZYkPRwt,Ao Vivo No Rock In Rio,2012-01-01,year,16.0,spotify:album:198oxOSVBBGJGtxZYkPRwt,2euX7vCVnJy3TVEGfc0RCl,Titãs,2012-01-01
7BMX2X0H2BkxpACHHpvd1e,"Paralamas E Titãs Juntos E Ao Vivo (Ao Vivo Na Marina Da Glória, Rio de Janeiro, RJ, Brazil / 2008)",2008-02-11,day,19.0,spotify:album:7BMX2X0H2BkxpACHHpvd1e,2euX7vCVnJy3TVEGfc0RCl,Titãs,2008-01-01
7deMh9MJe4RKcjMgkarDNW,Titãs (Ao Vivo),2005-12-02,day,20.0,spotify:album:7deMh9MJe4RKcjMgkarDNW,2euX7vCVnJy3TVEGfc0RCl,Titãs,2005-01-01
3DDNSWI08bjLGOsK2EBY7w,Como estão vocês?,2003-07-10,day,15.0,spotify:album:3DDNSWI08bjLGOsK2EBY7w,2euX7vCVnJy3TVEGfc0RCl,Titãs,2003-01-01
71XhBGySJjyGOSHGVelZ4K,A Melhor Banda De Todos Os Tempos Da Última Semana,2001-04-04,day,16.0,spotify:album:71XhBGySJjyGOSHGVelZ4K,2euX7vCVnJy3TVEGfc0RCl,Titãs,2001-01-01
0fQxHhyqW0uWu2ZPrtGbWP,Volume 02,1998-10-09,day,16.0,spotify:album:0fQxHhyqW0uWu2ZPrtGbWP,2euX7vCVnJy3TVEGfc0RCl,Titãs,1998-01-01
5yovCS6tvGrXt14zU9q5Ki,Acústico MTV,1997-09-22,day,22.0,spotify:album:5yovCS6tvGrXt14zU9q5Ki,2euX7vCVnJy3TVEGfc0RCl,Titãs,1997-01-01
2zu9De5vcXBYGg0X9g5LV8,Acústico MTV,1997-09-22,day,22.0,spotify:album:2zu9De5vcXBYGg0X9g5LV8,2euX7vCVnJy3TVEGfc0RCl,Titãs,1997-01-01
4XPxcO3OSYOSMnmyL5qdb7,Matriz Ao Vivo Na Bahia (Ao Vivo Deluxe Edition),2021-03-12,day,21.0,spotify:album:4XPxcO3OSYOSMnmyL5qdb7,2dmQ0vMD3THLMcz7DsvfaT,Pitty,2021-01-01
2BuvwIslQTEC1O7wBpr65q,Matriz Ao Vivo Na Bahia,2020-12-04,day,19.0,spotify:album:2BuvwIslQTEC1O7wBpr65q,2dmQ0vMD3THLMcz7DsvfaT,Pitty,2020-01-01
6SzAMGol9sxx8D6KP3ds1K,Matriz,2019-04-26,day,13.0,spotify:album:6SzAMGol9sxx8D6KP3ds1K,2dmQ0vMD3THLMcz7DsvfaT,Pitty,2019-01-01
2BPf9YYUztYPtShJehkUIA,Setevidas,2014-06-03,day,10.0,spotify:album:2BPf9YYUztYPtShJehkUIA,2dmQ0vMD3THLMcz7DsvfaT,Pitty,2014-01-01
1aZ9HqmLLnUToGeSOWdlWm,Admirável Chip Novo,2013-04-16,day,10.0,spotify:album:1aZ9HqmLLnUToGeSOWdlWm,2dmQ0vMD3THLMcz7DsvfaT,Pitty,2013-01-01
3TI5PgF0EZVhiVf24IMeOW,A Trupe Delirante No Circo Voador Ao Vivo,2011-05-13,day,17.0,spotify:album:3TI5PgF0EZVhiVf24IMeOW,2dmQ0vMD3THLMcz7DsvfaT,Pitty,2011-01-01
2eqKyLfs5LoKhnLnCF5Qa8,Chiaroscuro,2009-08-01,day,11.0,spotify:album:2eqKyLfs5LoKhnLnCF5Qa8,2dmQ0vMD3THLMcz7DsvfaT,Pitty,2009-01-01
3EhE5kuar8qw23gxMsC8VI,(Des) Concerto Ao Vivo,2007-09-04,day,17.0,spotify:album:3EhE5kuar8qw23gxMsC8VI,2dmQ0vMD3THLMcz7DsvfaT,Pitty,2007-01-01
589UgNCDMopQpf8m86njik,Anacrônico,2005-08-08,day,13.0,spotify:album:589UgNCDMopQpf8m86njik,2dmQ0vMD3THLMcz7DsvfaT,Pitty,2005-01-01
0cPJECHbOiae3HQdUHFmfs,Anacrônico (Deluxe Edition),2005-01-01,year,16.0,spotify:album:0cPJECHbOiae3HQdUHFmfs,2dmQ0vMD3THLMcz7DsvfaT,Pitty,2005-01-01
6t9HEcqxPe5dsIlHyYwATK,Admirável Chip Novo,2003-04-16,day,11.0,spotify:album:6t9HEcqxPe5dsIlHyYwATK,2dmQ0vMD3THLMcz7DsvfaT,Pitty,2003-01-01
2AE0Y8VsMVWpZiztEXqhId,Bruno & Marrone Em Casa,2020-05-21,day,20.0,spotify:album:2AE0Y8VsMVWpZiztEXqhId,5JXhkyafynxCvxtov7C1PV,Bruno & Marrone,2020-01-01
5WDshBTzC552zUUiZtjDbN,Studio Bar (Ao Vivo Em Uberlândia / 2018 / Deluxe),2019-10-31,day,25.0,spotify:album:5WDshBTzC552zUUiZtjDbN,5JXhkyafynxCvxtov7C1PV,Bruno & Marrone,2019-01-01
5YFOpxwwKXO2HhbTsFzdpi,Studio Bar (Ao Vivo Em Uberlândia / 2018 / Vol. 2),2019-08-02,day,12.0,spotify:album:5YFOpxwwKXO2HhbTsFzdpi,5JXhkyafynxCvxtov7C1PV,Bruno & Marrone,2019-01-01
0yTbW8tcYxBvjkWCLhWpY9,Studio Bar (Ao Vivo Em Uberlândia / 2018),2019-03-09,day,10.0,spotify:album:0yTbW8tcYxBvjkWCLhWpY9,5JXhkyafynxCvxtov7C1PV,Bruno & Marrone,2019-01-01
6PSYn2ACZ9tf6HyKhywUnp,La Película,2019-02-22,day,13.0,spotify:album:6PSYn2ACZ9tf6HyKhywUnp,5JXhkyafynxCvxtov7C1PV,Bruno & Marrone,2019-01-01
7qq2SnvgPsm5Uz79LaKN2T,Ensaio (Ao Vivo),2017-09-01,day,22.0,spotify:album:7qq2SnvgPsm5Uz79LaKN2T,5JXhkyafynxCvxtov7C1PV,Bruno & Marrone,2017-01-01
38IWWcrr8QceCcj5fWLTfl,Ensaio (Ao Vivo),2017-09-01,day,14.0,spotify:album:38IWWcrr8QceCcj5fWLTfl,5JXhkyafynxCvxtov7C1PV,Bruno & Marrone,2017-01-01
7lHfl8zlZjgdy1aR4Ra66A,Clássico (Ao Vivo / Edição Especial),2016-11-11,day,28.0,spotify:album:7lHfl8zlZjgdy1aR4Ra66A,5JXhkyafynxCvxtov7C1PV,Bruno & Marrone,2016-01-01
11cfyjL9ZZBnXJWWn4hm2d,Clássico (Ao Vivo),2016-11-11,day,14.0,spotify:album:11cfyjL9ZZBnXJWWn4hm2d,7gfkYbxpguEc9bm6m8TpAr,Chitãozinho & Xororó,2016-01-01
60leTuSu35CCjcrpV2RHGQ,Agora (Ao Vivo),2014-07-29,day,23.0,spotify:album:60leTuSu35CCjcrpV2RHGQ,5JXhkyafynxCvxtov7C1PV,Bruno & Marrone,2014-01-01
5UHDCg9OSsB8VJ5DftwXvd,Mega Hits - Bruno & Marrone,2013-09-10,day,30.0,spotify:album:5UHDCg9OSsB8VJ5DftwXvd,7gfkYbxpguEc9bm6m8TpAr,Chitãozinho & Xororó,2013-01-01
5a792NJrWn34jwktaRAewS,Pela Porta da Frente,2012-09-10,day,17.0,spotify:album:5a792NJrWn34jwktaRAewS,5JXhkyafynxCvxtov7C1PV,Bruno & Marrone,2012-01-01
5B1HU5inSYxdZiYr8ow3kI,Juras de Amor,2012-01-03,day,15.0,spotify:album:5B1HU5inSYxdZiYr8ow3kI,5JXhkyafynxCvxtov7C1PV,Bruno & Marrone,2012-01-01
1BjvYnZ5EELVxi7bkd7ky7,Seleção Essencial - Grandes Sucessos - Bruno e Marrone,2010-11-12,day,18.0,spotify:album:1BjvYnZ5EELVxi7bkd7ky7,5JXhkyafynxCvxtov7C1PV,Bruno & Marrone,2010-01-01
6iw1crWNcey11yeSrTipoQ,Sonhando,2010-09-21,day,16.0,spotify:album:6iw1crWNcey11yeSrTipoQ,5JXhkyafynxCvxtov7C1PV,Bruno & Marrone,2010-01-01
1WQzUR1skDL4dUpNETm95q,De Volta aos bares,2010-09-07,day,16.0,spotify:album:1WQzUR1skDL4dUpNETm95q,5JXhkyafynxCvxtov7C1PV,Bruno & Marrone,2010-01-01
7DTmJxoehELMhqA0GSughG,De Volta aos Bares,2010-05-03,day,17.0,spotify:album:7DTmJxoehELMhqA0GSughG,5JXhkyafynxCvxtov7C1PV,Bruno & Marrone,2010-01-01
2meCot7NmDDDFwjB04UfEa,Acústico II - Vol. 2,2007-07-15,day,14.0,spotify:album:2meCot7NmDDDFwjB04UfEa,5JXhkyafynxCvxtov7C1PV,Bruno & Marrone,2007-01-01
232IfvchzMQrxnyUU4gshJ,Acústico Ii - Vol. 1,2007-07-15,day,14.0,spotify:album:232IfvchzMQrxnyUU4gshJ,5JXhkyafynxCvxtov7C1PV,Bruno & Marrone,2007-01-01
458dXKjvTBQ6z4xcwRjjrx,Acústico Ii - Vol. 1 (Prime Selection),2007-07-15,day,14.0,spotify:album:458dXKjvTBQ6z4xcwRjjrx,5JXhkyafynxCvxtov7C1PV,Bruno & Marrone,2007-01-01
7uhBra7AiFJm6Nd6YGpqGp,Terra Sem Cep (ao Vivo),2018-02-23,day,14.0,spotify:album:7uhBra7AiFJm6Nd6YGpqGp,1elUiq4X7pxej6FRlrEzjM,Jorge & Mateus,2018-01-01
0wiTSo8xXBIvvkhZNJFWCm,10 Anos (Ao Vivo) - Deluxe,2016-11-11,day,30.0,spotify:album:0wiTSo8xXBIvvkhZNJFWCm,1elUiq4X7pxej6FRlrEzjM,Jorge & Mateus,2016-01-01
3zS88dmEtXeq8c9lavRksN,Os Anjos Cantam,2016-06-10,day,17.0,spotify:album:3zS88dmEtXeq8c9lavRksN,1elUiq4X7pxej6FRlrEzjM,Jorge & Mateus,2016-01-01
4TcZpyEt3wrOtMdK0gknMz,Como. Sempre Feito. Nunca (ao Vivo),2016-02-19,day,19.0,spotify:album:4TcZpyEt3wrOtMdK0gknMz,1elUiq4X7pxej6FRlrEzjM,Jorge & Mateus,2016-01-01
35U0As2FqXChclE54TKQCD,Os Anjos Cantam,2015-09-24,day,17.0,spotify:album:35U0As2FqXChclE54TKQCD,1elUiq4X7pxej6FRlrEzjM,Jorge & Mateus,2015-01-01
0spzPH10djjrUshMB2z9jt,Os Anjos Cantam,2015-03-23,day,17.0,spotify:album:0spzPH10djjrUshMB2z9jt,1elUiq4X7pxej6FRlrEzjM,Jorge & Mateus,2015-01-01
1aZjBAurjR1CQSK3WEwFkW,A Hora É Agora (Ao Vivo),2014-09-19,day,18.0,spotify:album:1aZjBAurjR1CQSK3WEwFkW,1elUiq4X7pxej6FRlrEzjM,Jorge & Mateus,2014-01-01
4jcEEnqGwZVd79g01pa5gz,At The Royal Albert Hall (Live In London),2014-06-27,day,20.0,spotify:album:4jcEEnqGwZVd79g01pa5gz,1elUiq4X7pxej6FRlrEzjM,Jorge & Mateus,2014-01-01
6JxAtvSXy4KDs7EaU9YjLz,Live In London - At The Royal Albert Hall - Músicas Extras,2013-12-16,day,8.0,spotify:album:6JxAtvSXy4KDs7EaU9YjLz,1elUiq4X7pxej6FRlrEzjM,Jorge & Mateus,2013-01-01
6nE1C92IIZQBnlYLxObRHW,Live In London - At The Royal Albert Hall,2013-11-25,day,20.0,spotify:album:6nE1C92IIZQBnlYLxObRHW,1elUiq4X7pxej6FRlrEzjM,Jorge & Mateus,2013-01-01
0Pz2s3BtUdMlf8K7MQ1OmN,A Hora É Agora - Ao Vivo Em Jurerê,2012-10-15,day,18.0,spotify:album:0Pz2s3BtUdMlf8K7MQ1OmN,1elUiq4X7pxej6FRlrEzjM,Jorge & Mateus,2012-01-01
2BKrkmOYFnAFUSQJkSvvMV,A Hora É Agora - Ao Vivo Em Jurerê (Edição Bônus),2012-10-15,day,21.0,spotify:album:2BKrkmOYFnAFUSQJkSvvMV,1elUiq4X7pxej6FRlrEzjM,Jorge & Mateus,2012-01-01
0RkEgK2Ch7H5IURwDYTTnt,Jorge & Mateus Elétrico,2012-01-01,day,14.0,spotify:album:0RkEgK2Ch7H5IURwDYTTnt,1elUiq4X7pxej6FRlrEzjM,Jorge & Mateus,2012-01-01
2I4edvhGVa3KZpB8YyVoY0,Aí Já Era...,2010-01-01,day,14.0,spotify:album:2I4edvhGVa3KZpB8YyVoY0,1elUiq4X7pxej6FRlrEzjM,Jorge & Mateus,2010-01-01
7EPROKycuy8kgYCHsHFJu8,O Mundo É Tão Pequeno,2009-01-01,day,16.0,spotify:album:7EPROKycuy8kgYCHsHFJu8,1elUiq4X7pxej6FRlrEzjM,Jorge & Mateus,2009-01-01
6maNu0jtESLavq0mEsNXHh,Jorge & Mateus Ao Vivo Em Goiânia (Ao Vivo Em Goiânia / 2007),2007-05-08,day,18.0,spotify:album:6maNu0jtESLavq0mEsNXHh,1elUiq4X7pxej6FRlrEzjM,Jorge & Mateus,2007-01-01
78YLa6QF2hX4A0QIX80QGy,O Embaixador - The Legacy (Ao Vivo),2021-02-04,day,13.0,spotify:album:78YLa6QF2hX4A0QIX80QGy,7MiDcPa6UiV3In7lIM71IN,Gusttavo Lima,2021-01-01
17jzAujoXwIF60ojew1yHU,O Embaixador in Cariri (Ao Vivo),2019-12-05,day,17.0,spotify:album:17jzAujoXwIF60ojew1yHU,7MiDcPa6UiV3In7lIM71IN,Gusttavo Lima,2019-01-01
3TsejPDx4k50FPETqZrOJ0,O Embaixador (ao Vivo),2018-11-30,day,19.0,spotify:album:3TsejPDx4k50FPETqZrOJ0,7MiDcPa6UiV3In7lIM71IN,Gusttavo Lima,2018-01-01
3GDVXxls9bIfaqQMYzoOqf,O Embaixador (ao Vivo),2018-10-26,day,19.0,spotify:album:3GDVXxls9bIfaqQMYzoOqf,7MiDcPa6UiV3In7lIM71IN,Gusttavo Lima,2018-01-01
1Zjc8qOmbo6uPMD17992iJ,"Buteco do Gusttavo Lima, Vol. 2",2017-12-01,day,17.0,spotify:album:1Zjc8qOmbo6uPMD17992iJ,7MiDcPa6UiV3In7lIM71IN,Gusttavo Lima,2017-01-01
0mzl4US6G6M0rx5lmBMz8B,50/50 (Deluxe),2016-10-28,day,21.0,spotify:album:0mzl4US6G6M0rx5lmBMz8B,7MiDcPa6UiV3In7lIM71IN,Gusttavo Lima,2016-01-01
2FukYwjm7EF9shRu8zSet6,50/50 - Ao Vivo (Deluxe),2016-07-22,day,21.0,spotify:album:2FukYwjm7EF9shRu8zSet6,7MiDcPa6UiV3In7lIM71IN,Gusttavo Lima,2016-01-01
74FOJNFcNhSxf7pGjJM8Q6,Buteco do Gusttavo Lima (Deluxe),2015-07-17,day,25.0,spotify:album:74FOJNFcNhSxf7pGjJM8Q6,7MiDcPa6UiV3In7lIM71IN,Gusttavo Lima,2015-01-01
7kUDPLehGB1yhjQr5iHwp0,Buteco do Gusttavo Lima,2015-07-15,day,25.0,spotify:album:7kUDPLehGB1yhjQr5iHwp0,7MiDcPa6UiV3In7lIM71IN,Gusttavo Lima,2015-01-01
27oYmWEaPh0PHCOTNx3Y9a,Gusttavo Lima - E Você,2015-05-08,day,23.0,spotify:album:27oYmWEaPh0PHCOTNx3Y9a,7MiDcPa6UiV3In7lIM71IN,Gusttavo Lima,2015-01-01
6QPDShgwdoyhCBYGYrltJv,Do Outro Lado da Moeda,2014-02-24,day,15.0,spotify:album:6QPDShgwdoyhCBYGYrltJv,7MiDcPa6UiV3In7lIM71IN,Gusttavo Lima,2014-01-01
4W9hStkV2XU2CZLdMeDG0T,Ao Vivo em São Paulo,2012-11-20,day,20.0,spotify:album:4W9hStkV2XU2CZLdMeDG0T,7MiDcPa6UiV3In7lIM71IN,Gusttavo Lima,2012-01-01
1Zsg6klXOTkLWUtVUj1bqJ,E Você,2012-10-09,day,24.0,spotify:album:1Zsg6klXOTkLWUtVUj1bqJ,7MiDcPa6UiV3In7lIM71IN,Gusttavo Lima,2012-01-01
6jtaMyEJItzuqIRZsY5XjW,E Você,2012-08-11,day,23.0,spotify:album:6jtaMyEJItzuqIRZsY5XjW,7MiDcPa6UiV3In7lIM71IN,Gusttavo Lima,2012-01-01
1b2Iyewn5wOHmiNIUIoJem,Gusttavo Lima E Você - Ao Vivo (CD),2012-03-28,day,23.0,spotify:album:1b2Iyewn5wOHmiNIUIoJem,7MiDcPa6UiV3In7lIM71IN,Gusttavo Lima,2012-01-01
6ROqavwgxRceCHq8tncVov,E Você,2012-01-30,day,23.0,spotify:album:6ROqavwgxRceCHq8tncVov,7MiDcPa6UiV3In7lIM71IN,Gusttavo Lima,2012-01-01
0JZWK7QhGa1Ir5IRLENyW6,Gusttavo Lima e Você (Ao Vivo),2011-09-20,day,23.0,spotify:album:0JZWK7QhGa1Ir5IRLENyW6,7MiDcPa6UiV3In7lIM71IN,Gusttavo Lima,2011-01-01
1D81lhNgOwG2ITkLKAak5s,Inventor dos Amores (Ao Vivo),2010-09-25,day,22.0,spotify:album:1D81lhNgOwG2ITkLKAak5s,7MiDcPa6UiV3In7lIM71IN,Gusttavo Lima,2010-01-01
4PrYKDNDUUV3dqpNzDJinB,Gusttavo Lima,2009-01-01,day,24.0,spotify:album:4PrYKDNDUUV3dqpNzDJinB,7MiDcPa6UiV3In7lIM71IN,Gusttavo Lima,2009-01-01
1z7mtBwiUl4ihcEbuV6E51,VIVA (Ao Vivo),2020-03-20,day,20.0,spotify:album:1z7mtBwiUl4ihcEbuV6E51,3qvcCP2J0fWi0m0uQDUf6r,Luan Santana,2020-01-01
1n4L6uxvbs8n1hnXI2WOTR,VIVA (Ao Vivo),2019-08-22,day,20.0,spotify:album:1n4L6uxvbs8n1hnXI2WOTR,3qvcCP2J0fWi0m0uQDUf6r,Luan Santana,2019-01-01
2tfAR9dF45oCXZaaci6ouV,Live Móvel,2018-12-14,day,7.0,spotify:album:2tfAR9dF45oCXZaaci6ouV,3qvcCP2J0fWi0m0uQDUf6r,Luan Santana,2018-01-01
4ypgnFdLUnA00qg9a6Z1k2,Live-Móvel (Ao Vivo),2018-09-14,day,7.0,spotify:album:4ypgnFdLUnA00qg9a6Z1k2,3qvcCP2J0fWi0m0uQDUf6r,Luan Santana,2018-01-01
4QianJs5Ls4mxwcT7gDBww,1977,2016-11-04,day,12.0,spotify:album:4QianJs5Ls4mxwcT7gDBww,3qvcCP2J0fWi0m0uQDUf6r,Luan Santana,2016-01-01
6AyPwj3ccpQBUzJuhW2jpo,1977,2016-11-04,day,12.0,spotify:album:6AyPwj3ccpQBUzJuhW2jpo,3qvcCP2J0fWi0m0uQDUf6r,Luan Santana,2016-01-01
3xCayP2LKZhZotGfzVT9Fx,Acústico (Ao Vivo),2015-04-27,day,20.0,spotify:album:3xCayP2LKZhZotGfzVT9Fx,3qvcCP2J0fWi0m0uQDUf6r,Luan Santana,2015-01-01
27n5fSq1IJSk1yckc05DqQ,Duetos,2014-12-08,day,15.0,spotify:album:27n5fSq1IJSk1yckc05DqQ,3qvcCP2J0fWi0m0uQDUf6r,Luan Santana,2014-01-01
5DTS8PTXUcw5r64xBwz2P2,As Melhores... Até Aqui,2014-07-15,day,16.0,spotify:album:5DTS8PTXUcw5r64xBwz2P2,3qvcCP2J0fWi0m0uQDUf6r,Luan Santana,2014-01-01
1KNhNeWBVyrJSdhG1MAxWW,O Nosso Tempo É Hoje (ao Vivo),2013-10-21,day,20.0,spotify:album:1KNhNeWBVyrJSdhG1MAxWW,3qvcCP2J0fWi0m0uQDUf6r,Luan Santana,2013-01-01
28Lv7ceh2zuFe07xCq3n6X,As Melhores... Até Aqui,2013-06-10,day,15.0,spotify:album:28Lv7ceh2zuFe07xCq3n6X,3qvcCP2J0fWi0m0uQDUf6r,Luan Santana,2013-01-01
3fkgJ5ZDmOLQwFrRqf7xWB,Quando Chega a Noite,2012-09-14,day,17.0,spotify:album:3fkgJ5ZDmOLQwFrRqf7xWB,3qvcCP2J0fWi0m0uQDUf6r,Luan Santana,2012-01-01
2j5eag2AXHgL8v3muA3VDT,Quando Chega a Noite (Ao Vivo),2012-03-01,day,17.0,spotify:album:2j5eag2AXHgL8v3muA3VDT,3qvcCP2J0fWi0m0uQDUf6r,Luan Santana,2012-01-01
46xhwbXrLPDZyGDj5oCzYg,Ao Vivo No Rio,2011-11-25,day,14.0,spotify:album:46xhwbXrLPDZyGDj5oCzYg,3qvcCP2J0fWi0m0uQDUf6r,Luan Santana,2011-01-01
6ed1a9UMAj76mV1NIj1gJ6,Ao Vivo No Rio,2011-03-29,day,14.0,spotify:album:6ed1a9UMAj76mV1NIj1gJ6,3qvcCP2J0fWi0m0uQDUf6r,Luan Santana,2011-01-01
16TISVZjZU8Y3A0rxpCJgr,Ao Vivo,2009-11-02,day,17.0,spotify:album:16TISVZjZU8Y3A0rxpCJgr,3qvcCP2J0fWi0m0uQDUf6r,Luan Santana,2009-01-01
69KTDPIpAINZH4KOdxkiKn,O Cantor do Sertão,2018-08-17,day,16.0,spotify:album:69KTDPIpAINZH4KOdxkiKn,2HtEBtekn0bXogyogD3PTr,Victor & Leo,2018-01-01
0Rd1p9jEuCKfMyL2yYSkdX,Na Luz do Som,2017-11-24,day,12.0,spotify:album:0Rd1p9jEuCKfMyL2yYSkdX,2HtEBtekn0bXogyogD3PTr,Victor & Leo,2017-01-01
6QGGtQFVSZX1OrgQCJ52Vg,Duetos,2016-12-02,day,7.0,spotify:album:6QGGtQFVSZX1OrgQCJ52Vg,2HtEBtekn0bXogyogD3PTr,Victor & Leo,2016-01-01
06TXkUrPJOevJT5y2zK8ka,Irmãos - Ao Vivo,2015-06-08,day,18.0,spotify:album:06TXkUrPJOevJT5y2zK8ka,2HtEBtekn0bXogyogD3PTr,Victor & Leo,2015-01-01
1uhaB13OqLhxL4wvO8EI3T,Viva por Mim,2013-10-07,day,13.0,spotify:album:1uhaB13OqLhxL4wvO8EI3T,2HtEBtekn0bXogyogD3PTr,Victor & Leo,2013-01-01
2RVxpUrZm6i7da8RAuIUZC,Seleção Essencial - Grandes Sucessos - Victor & Leo,2013-06-17,day,20.0,spotify:album:2RVxpUrZm6i7da8RAuIUZC,2HtEBtekn0bXogyogD3PTr,Victor & Leo,2013-01-01
4ISTZgkrkWSV4Ssbp1Nnem,Mega Hits,2012-12-25,day,30.0,spotify:album:4ISTZgkrkWSV4Ssbp1Nnem,2HtEBtekn0bXogyogD3PTr,Victor & Leo,2012-01-01
2UUIXpd6GuQwfjjh3AsH9R,Victor & Leo Ao Vivo em Floripa,2012-07-23,day,17.0,spotify:album:2UUIXpd6GuQwfjjh3AsH9R,2HtEBtekn0bXogyogD3PTr,Victor & Leo,2012-01-01
0WVrs3IESjwACkww9x3jUq,Amor de Alma,2011-12-05,day,14.0,spotify:album:0WVrs3IESjwACkww9x3jUq,2HtEBtekn0bXogyogD3PTr,Victor & Leo,2011-01-01
7wxhi9LdeZdyXbhjxd4FT7,Boa Sorte Pra Você,2010-11-01,day,11.0,spotify:album:7wxhi9LdeZdyXbhjxd4FT7,2HtEBtekn0bXogyogD3PTr,Victor & Leo,2010-01-01
78EpHPTp0SmeQb9wOGFTST,Seleção Essencial - Grandes Sucessos - Victor & Leo,2010-08-18,day,20.0,spotify:album:78EpHPTp0SmeQb9wOGFTST,2HtEBtekn0bXogyogD3PTr,Victor & Leo,2010-01-01
3N8gQkSmw0Jb8p7KSNHLGU,Victor e Leo Ao Vivo e em Cores,2009-10-30,day,18.0,spotify:album:3N8gQkSmw0Jb8p7KSNHLGU,2HtEBtekn0bXogyogD3PTr,Victor & Leo,2009-01-01
0CchvCKCyzqyNc9Ykxzwvs,Nada Es Normal,2008-12-24,day,10.0,spotify:album:0CchvCKCyzqyNc9Ykxzwvs,2HtEBtekn0bXogyogD3PTr,Victor & Leo,2008-01-01
5OhkNWsMJ5ILdscQMikB5d,Borboletas,2008-01-01,year,12.0,spotify:album:5OhkNWsMJ5ILdscQMikB5d,2HtEBtekn0bXogyogD3PTr,Victor & Leo,2008-01-01
1po4TPOuh3zVj5fMqePCdC,Victor & Leo Ao Vivo Em Uberlândia,2007-08-31,day,15.0,spotify:album:1po4TPOuh3zVj5fMqePCdC,2HtEBtekn0bXogyogD3PTr,Victor & Leo,2007-01-01
5hLuWHhiKMU6Y2Vt4y9JKI,Victor & Leo - Ao Vivo,2007-06-15,day,15.0,spotify:album:5hLuWHhiKMU6Y2Vt4y9JKI,2HtEBtekn0bXogyogD3PTr,Victor & Leo,2007-01-01
1k8op45qU1UrER9X0R8tv0,A História Continua (ao Vivo),2019-12-18,day,39.0,spotify:album:1k8op45qU1UrER9X0R8tv0,7gfkYbxpguEc9bm6m8TpAr,Chitãozinho & Xororó,2019-01-01
6C8rtT0LDE0DiW9m7rVK4s,Dois Tempos,2016-12-02,day,16.0,spotify:album:6C8rtT0LDE0DiW9m7rVK4s,4dyYjqmYDjegbB3F2mbvcT,Zezé Di Camargo & Luciano,2016-01-01
4ohObskmSWmXiN6HBKShlU,Flores em Vida (Ao Vivo) [Deluxe],2015-05-12,day,29.0,spotify:album:4ohObskmSWmXiN6HBKShlU,4dyYjqmYDjegbB3F2mbvcT,Zezé Di Camargo & Luciano,2015-01-01
7mYQmnRP9rENIZuQOpo4pk,Teorias de Raul,2014-06-10,day,16.0,spotify:album:7mYQmnRP9rENIZuQOpo4pk,4dyYjqmYDjegbB3F2mbvcT,Zezé Di Camargo & Luciano,2014-01-01
5nT4dna4WriR7sMzpMy9Wg,20 Anos de Sucesso Contigo,2012-07-10,day,12.0,spotify:album:5nT4dna4WriR7sMzpMy9Wg,4dyYjqmYDjegbB3F2mbvcT,Zezé Di Camargo & Luciano,2012-01-01
0AE9E5INLnw6ePfNjZ2iAo,Zezé di Camargo & Luciano,2012-04-24,day,15.0,spotify:album:0AE9E5INLnw6ePfNjZ2iAo,4dyYjqmYDjegbB3F2mbvcT,Zezé Di Camargo & Luciano,2012-01-01
29m038aIUXPfHFc1x0hile,Zezé Di Camargo & Luciano (ao Vivo),2012-04-23,day,14.0,spotify:album:29m038aIUXPfHFc1x0hile,4dyYjqmYDjegbB3F2mbvcT,Zezé Di Camargo & Luciano,2012-01-01
6sqleC0h058jKaEJNLEAOI,Double Face,2010-07-26,day,26.0,spotify:album:6sqleC0h058jKaEJNLEAOI,4dyYjqmYDjegbB3F2mbvcT,Zezé Di Camargo & Luciano,2010-01-01
3r1YKvjq4fcbHi7ckB8zf2,Seleção Essencial - Grandes Sucessos - Zezé Di Camargo & Luciano,2010-05-21,day,18.0,spotify:album:3r1YKvjq4fcbHi7ckB8zf2,4dyYjqmYDjegbB3F2mbvcT,Zezé Di Camargo & Luciano,2010-01-01
2wbWtzWEtgQ3qVKY38p4Dd,2 Horas de Sucesso - Ao Vivo,2009-07-16,day,11.0,spotify:album:2wbWtzWEtgQ3qVKY38p4Dd,4dyYjqmYDjegbB3F2mbvcT,Zezé Di Camargo & Luciano,2009-01-01
6PzfY7vlqaADjMlExmYRaG,2 Horas de Sucesso - Ao Vivo,2009-07-16,day,12.0,spotify:album:6PzfY7vlqaADjMlExmYRaG,4dyYjqmYDjegbB3F2mbvcT,Zezé Di Camargo & Luciano,2009-01-01
5ODcvx5dmrPN1r3JRydMeB,Zezé Di Camargo & Luciano (Inéditas),2008-07-14,day,16.0,spotify:album:5ODcvx5dmrPN1r3JRydMeB,4dyYjqmYDjegbB3F2mbvcT,Zezé Di Camargo & Luciano,2008-01-01
7J45QW3fGvjNo3sWHzyaHF,Diferente,2006-09-15,day,13.0,spotify:album:7J45QW3fGvjNo3sWHzyaHF,4dyYjqmYDjegbB3F2mbvcT,Zezé Di Camargo & Luciano,2006-01-01
4lGGfMLZMjNJkY6PUnQNfG,Zezé Di Camargo & Luciano 2005,2005-12-27,day,15.0,spotify:album:4lGGfMLZMjNJkY6PUnQNfG,4dyYjqmYDjegbB3F2mbvcT,Zezé Di Camargo & Luciano,2005-01-01
55j8K9wR86bZiRodNdFVU3,"Trilha Sonora ""Dois Filhos de Francisco""",2005-08-12,day,14.0,spotify:album:55j8K9wR86bZiRodNdFVU3,4dyYjqmYDjegbB3F2mbvcT,Zezé Di Camargo & Luciano,2005-01-01
3VuG0tXa329ci3sYF5lL5m,Maxximum - Zezé Di Camargo & Luciano,2005-08-09,day,16.0,spotify:album:3VuG0tXa329ci3sYF5lL5m,4dyYjqmYDjegbB3F2mbvcT,Zezé Di Camargo & Luciano,2005-01-01
6SD5Fbdc0pX93IXS4xwfdW,Zezé Di Camargo & Luciano 2005,2005-01-01,year,15.0,spotify:album:6SD5Fbdc0pX93IXS4xwfdW,4dyYjqmYDjegbB3F2mbvcT,Zezé Di Camargo & Luciano,2005-01-01
4zVs6sYk5mG8JNHX8Eh4qA,Saudade - O Melhor de Zézé di Camargo & Luciano,2004-01-01,year,16.0,spotify:album:4zVs6sYk5mG8JNHX8Eh4qA,4dyYjqmYDjegbB3F2mbvcT,Zezé Di Camargo & Luciano,2004-01-01
3C3OOANHG2jJt6Ay84zl6g,Zezé Di Camago & Luciano 1997-1998,2004-01-01,year,14.0,spotify:album:3C3OOANHG2jJt6Ay84zl6g,4dyYjqmYDjegbB3F2mbvcT,Zezé Di Camargo & Luciano,2004-01-01
3lTJLEqzGV0CQfPBjhEWgK,Sucessos Em Evidência (Remastered),2020-12-04,day,12.0,spotify:album:3lTJLEqzGV0CQfPBjhEWgK,7gfkYbxpguEc9bm6m8TpAr,Chitãozinho & Xororó,2020-01-01
6pnB2ZQsjIOpDgPPYWJpcN,Sinfônico 40 anos (Edição Luxo) [Ao Vivo],2020-03-16,day,20.0,spotify:album:6pnB2ZQsjIOpDgPPYWJpcN,7gfkYbxpguEc9bm6m8TpAr,Chitãozinho & Xororó,2020-01-01
1k8op45qU1UrER9X0R8tv0,A História Continua (ao Vivo),2019-12-18,day,39.0,spotify:album:1k8op45qU1UrER9X0R8tv0,7gfkYbxpguEc9bm6m8TpAr,Chitãozinho & Xororó,2019-01-01
7lHfl8zlZjgdy1aR4Ra66A,Clássico (Ao Vivo / Edição Especial),2016-11-11,day,28.0,spotify:album:7lHfl8zlZjgdy1aR4Ra66A,4dyYjqmYDjegbB3F2mbvcT,Zezé Di Camargo & Luciano,2016-01-01
11cfyjL9ZZBnXJWWn4hm2d,Clássico (Ao Vivo),2016-11-11,day,14.0,spotify:album:11cfyjL9ZZBnXJWWn4hm2d,7gfkYbxpguEc9bm6m8TpAr,Chitãozinho & Xororó,2016-01-01
4zQGT83PTdrxypD1rgVJXv,A Arte De Chitãozinho & Xororó,2015-10-30,day,20.0,spotify:album:4zQGT83PTdrxypD1rgVJXv,5JXhkyafynxCvxtov7C1PV,Bruno & Marrone,2015-01-01
0rPZs7zF9MYjj9j0XzDAux,Sinfônico 40 anos (Ao Vivo),2015-03-16,day,16.0,spotify:album:0rPZs7zF9MYjj9j0XzDAux,7gfkYbxpguEc9bm6m8TpAr,Chitãozinho & Xororó,2015-01-01
6GuJ8AMpq9KfqvjcqwBgmk,Tom do Sertão,2015-01-25,day,14.0,spotify:album:6GuJ8AMpq9KfqvjcqwBgmk,5JXhkyafynxCvxtov7C1PV,Bruno & Marrone,2015-01-01
6dLip1k4dsDn2xdoi1T077,Do Tamanho do Nosso Amor,2013-09-25,day,14.0,spotify:album:6dLip1k4dsDn2xdoi1T077,7gfkYbxpguEc9bm6m8TpAr,Chitãozinho & Xororó,2013-01-01
2zK703NgF1doU9Rdsfwwrp,Fio De Cabelo,2011-07-01,day,14.0,spotify:album:2zK703NgF1doU9Rdsfwwrp,7gfkYbxpguEc9bm6m8TpAr,Chitãozinho & Xororó,2011-01-01
0cYcBMqeQDPW9uOfcopbaJ,40 Anos: Entre Amigos (Ao Vivo),2011-02-17,day,19.0,spotify:album:0cYcBMqeQDPW9uOfcopbaJ,7gfkYbxpguEc9bm6m8TpAr,Chitãozinho & Xororó,2011-01-01
3gcD0BnKevLxzAgPsrPNdT,40 Anos: Nova Geração (Ao Vivo),2010-11-19,day,14.0,spotify:album:3gcD0BnKevLxzAgPsrPNdT,7gfkYbxpguEc9bm6m8TpAr,Chitãozinho & Xororó,2010-01-01
710lBjgLgxoK7AbF6ktYX3,Chitãozinho e Xororó - 40 Anos Nova Geração,2010-09-01,day,14.0,spotify:album:710lBjgLgxoK7AbF6ktYX3,7gfkYbxpguEc9bm6m8TpAr,Chitãozinho & Xororó,2010-01-01
7tgkCkKobjpSZUmEF4YXjd,Se For pra Ser Feliz,2009-08-05,day,12.0,spotify:album:7tgkCkKobjpSZUmEF4YXjd,7gfkYbxpguEc9bm6m8TpAr,Chitãozinho & Xororó,2009-01-01
0LULUyJawkcrySwOFvthcs,"Grandes Clássicos Sertanejos Acústico, Vol. 2",2007-09-01,day,12.0,spotify:album:0LULUyJawkcrySwOFvthcs,7gfkYbxpguEc9bm6m8TpAr,Chitãozinho & Xororó,2007-01-01
2SW3V7oFE9ukLnX7EDoFGm,"Grandes Clássicos Sertanejos Acústico, Vol. 1",2007-09-01,day,11.0,spotify:album:2SW3V7oFE9ukLnX7EDoFGm,7gfkYbxpguEc9bm6m8TpAr,Chitãozinho & Xororó,2007-01-01
3N7lngOOXQSBK5XMqSInX1,Grandes Clássicos Sertanejos Acústico II,2007-08-01,day,12.0,spotify:album:3N7lngOOXQSBK5XMqSInX1,7gfkYbxpguEc9bm6m8TpAr,Chitãozinho & Xororó,2007-01-01
52vYLOKggf5AFzn3KboEnV,Chitãozinho & Xororó Sem Limite,2007-01-08,day,29.0,spotify:album:52vYLOKggf5AFzn3KboEnV,7gfkYbxpguEc9bm6m8TpAr,Chitãozinho & Xororó,2007-01-01
2tdZSw74GPawKYqsoJAgCg,Grandes Clássicos Sertanejos Acústico I,2007-01-08,day,11.0,spotify:album:2tdZSw74GPawKYqsoJAgCg,7gfkYbxpguEc9bm6m8TpAr,Chitãozinho & Xororó,2007-01-01
2L73yL2BUVtnwlEVr4AJHH,Aqui Em Casa (ao Vivo),2020-04-17,day,8.0,spotify:album:2L73yL2BUVtnwlEVr4AJHH,59jlthNnbmim5l9tmNA7se,Maiara & Maraisa,2020-01-01
12l3RVZkb3tZVCAdwF2yl7,Reflexo - Deluxe (ao Vivo),2019-01-30,day,22.0,spotify:album:12l3RVZkb3tZVCAdwF2yl7,59jlthNnbmim5l9tmNA7se,Maiara & Maraisa,2019-01-01
016TMUgaDtdnnjBBi1HwVz,Guias Dvd 2018,2018-08-31,day,7.0,spotify:album:016TMUgaDtdnnjBBi1HwVz,59jlthNnbmim5l9tmNA7se,Maiara & Maraisa,2018-01-01
2NLcvAUpdh2P3iIZxiEbs4,Agora É Que São Elas 2 (Ao Vivo | Acústico),2018-04-13,day,9.0,spotify:album:2NLcvAUpdh2P3iIZxiEbs4,59jlthNnbmim5l9tmNA7se,Maiara & Maraisa,2018-01-01
49Ld3XINIFTquvEMioXhBu,Ao Vivo Em Campo Grande,2017-03-24,day,22.0,spotify:album:49Ld3XINIFTquvEMioXhBu,59jlthNnbmim5l9tmNA7se,Maiara & Maraisa,2017-01-01
3yQbK0ILjH3s2Y7lsdvzLF,No Dia do Seu Casamento,2014-08-24,day,11.0,spotify:album:3yQbK0ILjH3s2Y7lsdvzLF,59jlthNnbmim5l9tmNA7se,Maiara & Maraisa,2014-01-01
7gS7wxmnbG0jm5qoFzOXt2,Churrasco das Coleguinhas,2020-11-20,day,8.0,spotify:album:7gS7wxmnbG0jm5qoFzOXt2,0MInKJqZscEeNc5K3K0mkE,Simone & Simaria,2020-01-01
255jQhUE0jELs2LMP01J2s,Simone & Simaria Em Casa,2020-05-14,day,25.0,spotify:album:255jQhUE0jELs2LMP01J2s,0MInKJqZscEeNc5K3K0mkE,Simone & Simaria,2020-01-01
7aTa9z5YclUkR84FcTjsGI,Aperte O Play! (Ao Vivo),2019-03-29,day,14.0,spotify:album:7aTa9z5YclUkR84FcTjsGI,0MInKJqZscEeNc5K3K0mkE,Simone & Simaria,2019-01-01
7duv0ozDPdbrjVq38Hhw9x,Duetos,2017-11-17,day,12.0,spotify:album:7duv0ozDPdbrjVq38Hhw9x,0MInKJqZscEeNc5K3K0mkE,Simone & Simaria,2017-01-01
3bPPe3v10wYVuUw10f8uUM,Simone & Simaria (Ao Vivo),2016-10-28,day,16.0,spotify:album:3bPPe3v10wYVuUw10f8uUM,0MInKJqZscEeNc5K3K0mkE,Simone & Simaria,2016-01-01
3yiHl6ciNPllk5qKMPkqtw,Bar Das Coleguinhas (Ao Vivo),2016-06-24,day,16.0,spotify:album:3yiHl6ciNPllk5qKMPkqtw,0MInKJqZscEeNc5K3K0mkE,Simone & Simaria,2016-01-01
0QGI4V9qE1sDp9k3pgbBXB,"Você Só Tá Afim de An, Vol. 2",2005-07-01,day,15.0,spotify:album:0QGI4V9qE1sDp9k3pgbBXB,0MInKJqZscEeNc5K3K0mkE,Simone & Simaria,2005-01-01
5OvvHPnN90xQWUiGPLudGl,"Nã, Nã, Nim na Não",2004-01-01,year,14.0,spotify:album:5OvvHPnN90xQWUiGPLudGl,0MInKJqZscEeNc5K3K0mkE,Simone & Simaria,2004-01-01
6Bg9AzP7mcaMXkxEn5DGdl,Sambadeiras,2021-04-01,day,10.0,spotify:album:6Bg9AzP7mcaMXkxEn5DGdl,4fLuPn1SvWJVFmooqIkvWh,Luiz Caldas,2021-01-01
2P3KLyvmkOGyrT0PiDp2Ur,A Pele,2021-03-01,day,10.0,spotify:album:2P3KLyvmkOGyrT0PiDp2Ur,4fLuPn1SvWJVFmooqIkvWh,Luiz Caldas,2021-01-01
0a5C3qeIKjVbEf86t6TFGr,Idá e Opaxorô,2021-02-01,day,10.0,spotify:album:0a5C3qeIKjVbEf86t6TFGr,4fLuPn1SvWJVFmooqIkvWh,Luiz Caldas,2021-01-01
4FNmQiMHeLvXNVOF5W69hF,Pedrada,2021-01-01,day,10.0,spotify:album:4FNmQiMHeLvXNVOF5W69hF,4fLuPn1SvWJVFmooqIkvWh,Luiz Caldas,2021-01-01
4U24f3T4hTO51WHZ4OqUUR,Macaco Sessions: Luiz Caldas (Ao Vivo),2020-12-04,day,25.0,spotify:album:4U24f3T4hTO51WHZ4OqUUR,4fLuPn1SvWJVFmooqIkvWh,Luiz Caldas,2020-01-01
1NztZZf2WswxCUhIejdHJo,Otimista,2020-12-01,day,10.0,spotify:album:1NztZZf2WswxCUhIejdHJo,4fLuPn1SvWJVFmooqIkvWh,Luiz Caldas,2020-01-01
0TQzYFrEAxJ4ZI3rjF8rWj,Mínima,2020-11-01,day,10.0,spotify:album:0TQzYFrEAxJ4ZI3rjF8rWj,4fLuPn1SvWJVFmooqIkvWh,Luiz Caldas,2020-01-01
3nTDMGIJnUzujrhRtB4EHK,Pó de Estrelas,2020-10-01,day,10.0,spotify:album:3nTDMGIJnUzujrhRtB4EHK,4fLuPn1SvWJVFmooqIkvWh,Luiz Caldas,2020-01-01
63iwTBKgmb7PzjQkKK7ONl,Paleta de Cores,2020-09-01,day,10.0,spotify:album:63iwTBKgmb7PzjQkKK7ONl,4fLuPn1SvWJVFmooqIkvWh,Luiz Caldas,2020-01-01
0sD9rR3NLy8o77SZcupXDh,A Linha,2020-08-01,day,10.0,spotify:album:0sD9rR3NLy8o77SZcupXDh,4fLuPn1SvWJVFmooqIkvWh,Luiz Caldas,2020-01-01
1g8hEvopK62VDfHrj9O6R7,Um Outro Tempo,2020-07-01,day,10.0,spotify:album:1g8hEvopK62VDfHrj9O6R7,4fLuPn1SvWJVFmooqIkvWh,Luiz Caldas,2020-01-01
2Ed6nixXuMVC5ncVlcFTj0,São João em Casa,2020-06-01,day,10.0,spotify:album:2Ed6nixXuMVC5ncVlcFTj0,4fLuPn1SvWJVFmooqIkvWh,Luiz Caldas,2020-01-01
5E4lNWye0PENahj7gy8cu6,Puro Prazer,2020-05-01,day,10.0,spotify:album:5E4lNWye0PENahj7gy8cu6,4fLuPn1SvWJVFmooqIkvWh,Luiz Caldas,2020-01-01
68I40UTZ3ywD8MULPzaM3N,Sarau no Pátio das Flores,2020-04-01,day,10.0,spotify:album:68I40UTZ3ywD8MULPzaM3N,4fLuPn1SvWJVFmooqIkvWh,Luiz Caldas,2020-01-01
0J4VTB9CdG3vWiyU1WZl1R,Guitarra Brasileira,2020-03-01,day,10.0,spotify:album:0J4VTB9CdG3vWiyU1WZl1R,4fLuPn1SvWJVFmooqIkvWh,Luiz Caldas,2020-01-01
5xXZ8jWPqPb7lIZcXWjj4U,Ori,2020-02-01,day,10.0,spotify:album:5xXZ8jWPqPb7lIZcXWjj4U,4fLuPn1SvWJVFmooqIkvWh,Luiz Caldas,2020-01-01
725AEVfySKIMM197ZZ3J0Q,Eu Também Quero Ir,2020-01-01,day,10.0,spotify:album:725AEVfySKIMM197ZZ3J0Q,4fLuPn1SvWJVFmooqIkvWh,Luiz Caldas,2020-01-01
3F8zo5KQsSo9olkqnwqLHm,Beatcotô,2019-12-01,day,10.0,spotify:album:3F8zo5KQsSo9olkqnwqLHm,4fLuPn1SvWJVFmooqIkvWh,Luiz Caldas,2019-01-01
4OmfsDLevwhIshOkLrJlIf,Carapanã: Homenagem a Waldir Azevedo,2019-11-01,day,10.0,spotify:album:4OmfsDLevwhIshOkLrJlIf,4fLuPn1SvWJVFmooqIkvWh,Luiz Caldas,2019-01-01
3lDgvFjSg9QQZkzK1GqJMi,O Pirata e o Baú,2019-10-01,day,10.0,spotify:album:3lDgvFjSg9QQZkzK1GqJMi,4fLuPn1SvWJVFmooqIkvWh,Luiz Caldas,2019-01-01
0mavMEdqjplbgwUemjXyw2,Perfume,2020-01-10,day,16.0,spotify:album:0mavMEdqjplbgwUemjXyw2,2krrkKvM52JgvfGu2Uewbg,Daniela Mercury,2020-01-01
4bVoww1tE97Kt0nNII7Sv2,"O Axé, A Voz e o Violão Ao Vivo",2016-09-30,day,16.0,spotify:album:4bVoww1tE97Kt0nNII7Sv2,2krrkKvM52JgvfGu2Uewbg,Daniela Mercury,2016-01-01
1w8eINGzCyooKogFENbIG7,"O Axé, a Voz e o Violão (Ao Vivo)",2016-09-30,day,16.0,spotify:album:1w8eINGzCyooKogFENbIG7,2krrkKvM52JgvfGu2Uewbg,Daniela Mercury,2016-01-01
5bYZwLg5BEjCWim33119bQ,Vinil Virtual,2015-11-27,day,15.0,spotify:album:5bYZwLg5BEjCWim33119bQ,2krrkKvM52JgvfGu2Uewbg,Daniela Mercury,2015-01-01
3pzXqJpqSZxJvzH1eX0yti,Vinil Virtual,2015-11-27,day,15.0,spotify:album:3pzXqJpqSZxJvzH1eX0yti,2krrkKvM52JgvfGu2Uewbg,Daniela Mercury,2015-01-01
4IbmDddEXrkRwvtHPCXycv,Baile Barroco,2015-01-29,day,21.0,spotify:album:4IbmDddEXrkRwvtHPCXycv,2krrkKvM52JgvfGu2Uewbg,Daniela Mercury,2015-01-01
1ftsYZJPPTGPmAJpA3rpEU,Daniela Mercury & Cabeça De Nós Todos,2014-12-10,day,12.0,spotify:album:1ftsYZJPPTGPmAJpA3rpEU,2krrkKvM52JgvfGu2Uewbg,Daniela Mercury,2014-01-01
7sjbujmHAgNFCUH1Io8Xhq,Canibália Ao Vivo,2012-01-30,day,13.0,spotify:album:7sjbujmHAgNFCUH1Io8Xhq,2krrkKvM52JgvfGu2Uewbg,Daniela Mercury,2012-01-01
1kddU8XtwPuenaC2qHxRt9,Canibália - Ritmos do Brasil (ao Vivo Na Praia de Copacabana),2011-11-20,day,13.0,spotify:album:1kddU8XtwPuenaC2qHxRt9,2krrkKvM52JgvfGu2Uewbg,Daniela Mercury,2011-01-01
3VJwRaQLnI4AxCZa11vqDt,Clássica,2011-11-04,day,14.0,spotify:album:3VJwRaQLnI4AxCZa11vqDt,2krrkKvM52JgvfGu2Uewbg,Daniela Mercury,2011-01-01
31ZPjnUQo7HgRWFhDn0CtN,Balé Mulato,2011-10-31,day,14.0,spotify:album:31ZPjnUQo7HgRWFhDn0CtN,2krrkKvM52JgvfGu2Uewbg,Daniela Mercury,2011-01-01
6nUGoKbuLB2vPYd1W7AkfB,Canibalia,2011-09-13,day,15.0,spotify:album:6nUGoKbuLB2vPYd1W7AkfB,2krrkKvM52JgvfGu2Uewbg,Daniela Mercury,2011-01-01
0nTyaheFM5NuVVNrC74yJA,Daniela Mercury,2009-03-21,day,11.0,spotify:album:0nTyaheFM5NuVVNrC74yJA,2krrkKvM52JgvfGu2Uewbg,Daniela Mercury,2009-01-01
4VkGbhnPhrdY9Xfrf0E9OU,O Canto Da Cidade,2009-03-21,day,12.0,spotify:album:4VkGbhnPhrdY9Xfrf0E9OU,2krrkKvM52JgvfGu2Uewbg,Daniela Mercury,2009-01-01
0UMqClmuUI2KE5ZGD5d7uL,Canibália,2009-01-01,year,14.0,spotify:album:0UMqClmuUI2KE5ZGD5d7uL,2krrkKvM52JgvfGu2Uewbg,Daniela Mercury,2009-01-01
0PzUKoS1G2136VvK5OPNSy,Balé Mulato,2006-06-09,day,14.0,spotify:album:0PzUKoS1G2136VvK5OPNSy,2krrkKvM52JgvfGu2Uewbg,Daniela Mercury,2006-01-01
3uVljLcxp52bwqSEH7GKAy,Balé Mulato Ao Vivo,2006-01-01,year,14.0,spotify:album:3uVljLcxp52bwqSEH7GKAy,2krrkKvM52JgvfGu2Uewbg,Daniela Mercury,2006-01-01
3WS2TeC7XHtXtGUATP15gx,Carnaval Eletronico,2004-11-01,day,12.0,spotify:album:3WS2TeC7XHtXtGUATP15gx,2krrkKvM52JgvfGu2Uewbg,Daniela Mercury,2004-01-01
6GFOYDWUyVVQjlCHVeA9Oz,Carnaval Electrônico,2004-10-05,day,12.0,spotify:album:6GFOYDWUyVVQjlCHVeA9Oz,2krrkKvM52JgvfGu2Uewbg,Daniela Mercury,2004-01-01
09orFUAD1IYrLMPdn3FWN5,Carnaval Electrônico,2004-01-01,year,12.0,spotify:album:09orFUAD1IYrLMPdn3FWN5,2krrkKvM52JgvfGu2Uewbg,Daniela Mercury,2004-01-01
6GpOHXODu4xx5AuLlv3vHO,Aviva Senhor,2015-08-20,day,10.0,spotify:album:6GpOHXODu4xx5AuLlv3vHO,1sa5nkvsWl9qYJQOHciFSy,Márcia Freire,2015-01-01
61adOfaVeGpUY4avIJVXw2,Márcia Freire ao Vivo,2010-02-02,day,9.0,spotify:album:61adOfaVeGpUY4avIJVXw2,1sa5nkvsWl9qYJQOHciFSy,Márcia Freire,2010-01-01
1kysi4VBMq84RtImS5SaGI,Timbalaiê,1999-06-21,day,14.0,spotify:album:1kysi4VBMq84RtImS5SaGI,1sa5nkvsWl9qYJQOHciFSy,Márcia Freire,1999-01-01
2K1psTr0nDHe49fuqXcTDF,Gente Boa,1999-01-01,day,11.0,spotify:album:2K1psTr0nDHe49fuqXcTDF,1sa5nkvsWl9qYJQOHciFSy,Márcia Freire,1999-01-01
0tPAH12bZ6YESGQh2EB1vW,Maravilha,1997-01-01,day,12.0,spotify:album:0tPAH12bZ6YESGQh2EB1vW,1sa5nkvsWl9qYJQOHciFSy,Márcia Freire,1997-01-01
6YrBLshugPcYXZnMa8iyX0,Marcia Freire,1996-01-08,day,12.0,spotify:album:6YrBLshugPcYXZnMa8iyX0,1sa5nkvsWl9qYJQOHciFSy,Márcia Freire,1996-01-01
2uASdtYZsn2RljUVbYy8Ep,Arraiá Da Veveta,2020-06-21,day,9.0,spotify:album:2uASdtYZsn2RljUVbYy8Ep,7dzq55YG3wjViqexDwiycQ,Ivete Sangalo,2020-01-01
0qO6ZPC8y2eXVA1AidKGZQ,Ivete Sangalo Live Experience (Ao Vivo Em São Paulo / 2018),2019-04-12,day,30.0,spotify:album:0qO6ZPC8y2eXVA1AidKGZQ,7dzq55YG3wjViqexDwiycQ,Ivete Sangalo,2019-01-01
3uta1AqyOI8qoVUB6A8MTX,Duetos 2,2017-11-24,day,16.0,spotify:album:3uta1AqyOI8qoVUB6A8MTX,7dzq55YG3wjViqexDwiycQ,Ivete Sangalo,2017-01-01
6Aqv0T76VtYRBhZMsd0Pa4,Acústico Em Trancoso (Ao Vivo),2016-07-29,day,24.0,spotify:album:6Aqv0T76VtYRBhZMsd0Pa4,7dzq55YG3wjViqexDwiycQ,Ivete Sangalo,2016-01-01
0ggbRn1mM1fojrFOGJl6lR,O Carnaval De Ivete Sangalo - Sai Do Chão (Ao Vivo),2015-12-11,day,18.0,spotify:album:0ggbRn1mM1fojrFOGJl6lR,7dzq55YG3wjViqexDwiycQ,Ivete Sangalo,2015-01-01
0s6eeWdtRBJjhWFjXG9Bcq,Viva Tim Maia,2015-07-31,day,12.0,spotify:album:0s6eeWdtRBJjhWFjXG9Bcq,7dzq55YG3wjViqexDwiycQ,Ivete Sangalo,2015-01-01
3BezFc7G2hTrTO9o7WX2D2,Multishow Ao Vivo - Ivete Sangalo 20 Anos (Live),2014-05-06,day,18.0,spotify:album:3BezFc7G2hTrTO9o7WX2D2,37ZflmHTdxkSLQuT8w9NBs,Criolo,2014-01-01
0BGtZFqDInZuJJvJa8jChx,O Carnaval De Ivete Sangalo 2015 (Ao Vivo),2014-01-01,day,18.0,spotify:album:0BGtZFqDInZuJJvJa8jChx,7dzq55YG3wjViqexDwiycQ,Ivete Sangalo,2014-01-01
04TLo3kfhsjXttswMuBGbS,As Nossas Canções,2013-01-01,day,16.0,spotify:album:04TLo3kfhsjXttswMuBGbS,7dzq55YG3wjViqexDwiycQ,Ivete Sangalo,2013-01-01
3iPYe8UrC6vbnQAsNBtHr0,Real Fantasia (International Version),2013-01-01,day,14.0,spotify:album:3iPYe8UrC6vbnQAsNBtHr0,7dzq55YG3wjViqexDwiycQ,Ivete Sangalo,2013-01-01
0fGDlwWo9GAfIRNAnOSxh6,Especial Ivete Gil Caetano (Ao Vivo),2012-05-14,day,15.0,spotify:album:0fGDlwWo9GAfIRNAnOSxh6,7dzq55YG3wjViqexDwiycQ,Ivete Sangalo,2012-01-01
2iIo25Rs0y5dgp3CGg64h1,Real Fantasia (Deluxe Edition),2012-03-09,day,15.0,spotify:album:2iIo25Rs0y5dgp3CGg64h1,7dzq55YG3wjViqexDwiycQ,Ivete Sangalo,2012-01-01
6jK2GfT9HRxmO9snF3iYMM,Real Fantasia,2012-01-01,day,14.0,spotify:album:6jK2GfT9HRxmO9snF3iYMM,7dzq55YG3wjViqexDwiycQ,Ivete Sangalo,2012-01-01
0jywJRnZjCDN6faNkHUrrl,A Casa Amarela,2008-01-01,day,11.0,spotify:album:0jywJRnZjCDN6faNkHUrrl,7dzq55YG3wjViqexDwiycQ,Ivete Sangalo,2008-01-01
5fLXDLRiKLK9zFvLBlunzB,Ivete Sangalo Sem Limite,2007-01-08,day,27.0,spotify:album:5fLXDLRiKLK9zFvLBlunzB,7dzq55YG3wjViqexDwiycQ,Ivete Sangalo,2007-01-01
5WwOBR65JnclLtDvk2T6DM,Multishow Ao Vivo - Ivete No Maracanã - Áudio Das 9 Faixas Exclusivas Do DVD,2007-01-01,day,9.0,spotify:album:5WwOBR65JnclLtDvk2T6DM,7dzq55YG3wjViqexDwiycQ,Ivete Sangalo,2007-01-01
73YTXJjv2yeKfogr1Es5mu,País da Fantasia,2016-11-11,day,15.0,spotify:album:73YTXJjv2yeKfogr1Es5mu,6jrXjOgvZxar7qULTgJ9xd,Alinne Rosa,2016-01-01
7l3jBM9K9Je5g5kyIi6T6W,Macaco Sessions: Claudia Leitte (Ao Vivo),2019-11-01,day,21.0,spotify:album:7l3jBM9K9Je5g5kyIi6T6W,2OjoIDVPQKT9B7loZbPEfp,Claudia Leitte,2019-01-01
5iE300mrYXVKflCoZZuwnA,Axemusic (Ao Vivo),2014-01-27,day,15.0,spotify:album:5iE300mrYXVKflCoZZuwnA,2OjoIDVPQKT9B7loZbPEfp,Claudia Leitte,2014-01-01
3TWtjWse9uDvK0f0wcPuNR,Exttravase! - Claudia Leitte,2013-01-01,day,25.0,spotify:album:3TWtjWse9uDvK0f0wcPuNR,2OjoIDVPQKT9B7loZbPEfp,Claudia Leitte,2013-01-01
0V4kBPfH6sz7hmOFNvveoe,Negalora: Íntimo,2012-08-10,day,18.0,spotify:album:0V4kBPfH6sz7hmOFNvveoe,2OjoIDVPQKT9B7loZbPEfp,Claudia Leitte,2012-01-01
7pdzv0rPM60YWDRbLAEYEp,Negalora: Íntimo (Edição Bônus),2012-08-10,day,18.0,spotify:album:7pdzv0rPM60YWDRbLAEYEp,2OjoIDVPQKT9B7loZbPEfp,Claudia Leitte,2012-01-01
088r9FLEOJ5haVDhBU3lQS,Negalora: Íntimo (Ao Vivo),2012-08-10,day,15.0,spotify:album:088r9FLEOJ5haVDhBU3lQS,2OjoIDVPQKT9B7loZbPEfp,Claudia Leitte,2012-01-01
7FeL0uCH1ilFwGkrUYugyT,As Máscaras,2010-06-18,day,14.0,spotify:album:7FeL0uCH1ilFwGkrUYugyT,2OjoIDVPQKT9B7loZbPEfp,Claudia Leitte,2010-01-01
6HoOLVtKV7z7BZ7zjDMCVw,Ao Vivo Em Copacabana,2008-01-01,day,18.0,spotify:album:6HoOLVtKV7z7BZ7zjDMCVw,2OjoIDVPQKT9B7loZbPEfp,Claudia Leitte,2008-01-01
0sY4fhljcng81MbpmI9mSn,Naturalmente,2020-03-23,day,11.0,spotify:album:0sY4fhljcng81MbpmI9mSn,1ehJzJeAbLiS4l0PIWd9MD,Margareth Menezes,2020-01-01
0P4etGFOwuNNySS2y8iMue,Autêntica,2019-10-21,day,13.0,spotify:album:0P4etGFOwuNNySS2y8iMue,1ehJzJeAbLiS4l0PIWd9MD,Margareth Menezes,2019-01-01
6TxvZNbloZFBH0XJVMv6eL,Para Gil & Caetano,2015-06-09,day,15.0,spotify:album:6TxvZNbloZFBH0XJVMv6eL,1ehJzJeAbLiS4l0PIWd9MD,Margareth Menezes,2015-01-01
4tr8UnmF60jemmScooRGE9,Voz Talismã (Ao Vivo),2014-03-04,day,17.0,spotify:album:4tr8UnmF60jemmScooRGE9,1ehJzJeAbLiS4l0PIWd9MD,Margareth Menezes,2014-01-01
0TsHioacYos1nv8izZU27y,Brasil 2014,2014-02-26,day,8.0,spotify:album:0TsHioacYos1nv8izZU27y,1ehJzJeAbLiS4l0PIWd9MD,Margareth Menezes,2014-01-01
5VWs8PSYJ4WuM87YPVAl5x,Naturalmente Acústico,2012-01-30,day,14.0,spotify:album:5VWs8PSYJ4WuM87YPVAl5x,1ehJzJeAbLiS4l0PIWd9MD,Margareth Menezes,2012-01-01
7JTDPmuweG2i4EM5UqxUPG,Luz Dourada,1993-01-15,day,12.0,spotify:album:7JTDPmuweG2i4EM5UqxUPG,1ehJzJeAbLiS4l0PIWd9MD,Margareth Menezes,1993-01-01
4LX1gf1ASr0CExp6PwbhJY,"Ara Ketu em Casa, Vol. 1",2020-06-05,day,10.0,spotify:album:4LX1gf1ASr0CExp6PwbhJY,6NqIUh0cpaygBWUUAjBaog,Ara Ketu,2020-01-01
6rM2dmGMB0A2qGmRQjPCt2,Ara Ketu (Ao Vivo),2014-08-01,day,11.0,spotify:album:6rM2dmGMB0A2qGmRQjPCt2,6NqIUh0cpaygBWUUAjBaog,Ara Ketu,2014-01-01
11rbPO63CuN9K4rZ1RHIF6,Ara Ketu Ao Vivo Em Salvador,2009-02-06,day,16.0,spotify:album:11rbPO63CuN9K4rZ1RHIF6,6NqIUh0cpaygBWUUAjBaog,Ara Ketu,2009-01-01
7zYRc6LJv4eYF6fiQA5pF1,Ara Ketu,2005-10-14,day,14.0,spotify:album:7zYRc6LJv4eYF6fiQA5pF1,6NqIUh0cpaygBWUUAjBaog,Ara Ketu,2005-01-01
6DDyGg4RPJmte4XxjKQWq5,Maxximum - Ara Ketu,2005-08-08,day,16.0,spotify:album:6DDyGg4RPJmte4XxjKQWq5,6NqIUh0cpaygBWUUAjBaog,Ara Ketu,2005-01-01
2vnCDoRue8QPbCVfKthXJ0,25 Emoções,2004-10-22,day,14.0,spotify:album:2vnCDoRue8QPbCVfKthXJ0,6NqIUh0cpaygBWUUAjBaog,Ara Ketu,2004-01-01
5k3BP4VhTlrluqerHMYgqx,Obrigado A Você,2003-10-13,day,14.0,spotify:album:5k3BP4VhTlrluqerHMYgqx,6NqIUh0cpaygBWUUAjBaog,Ara Ketu,2003-01-01
34T06arl5P0f981wdWiZrr,Ensaio do Ara Ketu,2002-04-01,day,14.0,spotify:album:34T06arl5P0f981wdWiZrr,6NqIUh0cpaygBWUUAjBaog,Ara Ketu,2002-01-01
1uGwNgxXGs40AUkl6LbFYu,Ara Ketu,2001-10-15,day,14.0,spotify:album:1uGwNgxXGs40AUkl6LbFYu,6NqIUh0cpaygBWUUAjBaog,Ara Ketu,2001-01-01
0kP9Yd9MJ2ZTlc9zGA9olO,Vida,2000-09-15,day,14.0,spotify:album:0kP9Yd9MJ2ZTlc9zGA9olO,6NqIUh0cpaygBWUUAjBaog,Ara Ketu,2000-01-01
5tk9Tv4uhOUjHv30vcZwoK,E o Povo Ao Vivo de Novo,1999-09-15,day,15.0,spotify:album:5tk9Tv4uhOUjHv30vcZwoK,6NqIUh0cpaygBWUUAjBaog,Ara Ketu,1999-01-01
5pRG4SxFRIp5QZPczn1Ngx,Ao Vivo,1998-08-15,day,18.0,spotify:album:5pRG4SxFRIp5QZPczn1Ngx,6NqIUh0cpaygBWUUAjBaog,Ara Ketu,1998-01-01
0Q69isO3qRW7eNnoeNOm9c,Ara Ketu Dez,1995-10-15,day,15.0,spotify:album:0Q69isO3qRW7eNnoeNOm9c,6NqIUh0cpaygBWUUAjBaog,Ara Ketu,1995-01-01
1LUbKqUEiEldAhAxBhKHWv,De Periperi,1993-01-01,year,10.0,spotify:album:1LUbKqUEiEldAhAxBhKHWv,6NqIUh0cpaygBWUUAjBaog,Ara Ketu,1993-01-01
1LGy5dn6nMFpiqG3mJlfoz,Bom Demais,1992-08-04,day,13.0,spotify:album:1LGy5dn6nMFpiqG3mJlfoz,6NqIUh0cpaygBWUUAjBaog,Ara Ketu,1992-01-01
5crurZiXZEIvZz9qP6mMIF,Modernidade Negra,1992-01-01,year,11.0,spotify:album:5crurZiXZEIvZz9qP6mMIF,6NqIUh0cpaygBWUUAjBaog,Ara Ketu,1992-01-01
1S1E7g4EqdWo524VKPP9dK,Revela Samba Beach (Segunda Onda),2021-02-12,day,11.0,spotify:album:1S1E7g4EqdWo524VKPP9dK,7yQrcdkLdBAkV7yY9fF2Hw,Grupo Revelação,2021-01-01
5k5JsPCYoDuS7txzhpztiM,Revela Samba Beach (Primeira Onda),2020-12-11,day,12.0,spotify:album:5k5JsPCYoDuS7txzhpztiM,7yQrcdkLdBAkV7yY9fF2Hw,Grupo Revelação,2020-01-01
2HucAHVeIRYdmySB8syry9,Pagode do Revela (ao Vivo),2020-04-10,day,24.0,spotify:album:2HucAHVeIRYdmySB8syry9,7yQrcdkLdBAkV7yY9fF2Hw,Grupo Revelação,2020-01-01
21lYtIObqc1MFAjBuIyfC3,"Pagode do Revela, Pt. 4 (Ao Vivo)",2020-03-13,day,6.0,spotify:album:21lYtIObqc1MFAjBuIyfC3,7yQrcdkLdBAkV7yY9fF2Hw,Grupo Revelação,2020-01-01
5IfRPq4xBWxkVj39Xdixbo,"Pagode do Revela, Pt. 1 (Ao Vivo)",2019-12-20,day,5.0,spotify:album:5IfRPq4xBWxkVj39Xdixbo,7yQrcdkLdBAkV7yY9fF2Hw,Grupo Revelação,2019-01-01
5XKOHOeXAulZlXSiLTtjT7,"O Bom Samba Continua - Ao Vivo, Vol. 2",2018-06-08,day,15.0,spotify:album:5XKOHOeXAulZlXSiLTtjT7,7yQrcdkLdBAkV7yY9fF2Hw,Grupo Revelação,2018-01-01
0jjbIO2gdTKQDdnpoRM584,O Bom Samba Continua - Ao Vivo,2016-04-01,day,18.0,spotify:album:0jjbIO2gdTKQDdnpoRM584,7yQrcdkLdBAkV7yY9fF2Hw,Grupo Revelação,2016-01-01
51vmoucCWRjYzC2qO8lDQ0,A Arte De Grupo Revelação (Live),2015-10-30,day,20.0,spotify:album:51vmoucCWRjYzC2qO8lDQ0,7yQrcdkLdBAkV7yY9fF2Hw,Grupo Revelação,2015-01-01
4bHAFP2ScvkYeXmrpq4EFU,Fundamental - Grupo Revelação Vol.1,2013-01-01,year,14.0,spotify:album:4bHAFP2ScvkYeXmrpq4EFU,7yQrcdkLdBAkV7yY9fF2Hw,Grupo Revelação,2013-01-01
6q9qH2KNhjYgq4oJeKt449,"Fundamental - Grupo Revelação, Vol.2",2013-01-01,year,14.0,spotify:album:6q9qH2KNhjYgq4oJeKt449,7yQrcdkLdBAkV7yY9fF2Hw,Grupo Revelação,2013-01-01
1cARJvatBbzfuHONe2kr75,360º Ao Vivo,2012-01-01,day,14.0,spotify:album:1cARJvatBbzfuHONe2kr75,7yQrcdkLdBAkV7yY9fF2Hw,Grupo Revelação,2012-01-01
53qoc3jujV5pqoFr4AIAoI,Ao Vivo No Olimpo - Músicas Extras do Dvd,2010-10-04,day,13.0,spotify:album:53qoc3jujV5pqoFr4AIAoI,7yQrcdkLdBAkV7yY9fF2Hw,Grupo Revelação,2010-01-01
3WTaYcZpwIyON8DqmTZLxT,Ao Vivo No Morro II,2010-01-01,day,17.0,spotify:album:3WTaYcZpwIyON8DqmTZLxT,7yQrcdkLdBAkV7yY9fF2Hw,Grupo Revelação,2010-01-01
5YXb4x46ucch3Lx0cBNHJX,Seleção Essencial - Grandes Sucessos - Grupo Revelação,2010-01-01,year,15.0,spotify:album:5YXb4x46ucch3Lx0cBNHJX,7yQrcdkLdBAkV7yY9fF2Hw,Grupo Revelação,2010-01-01
3vkIrPt0ie4c9ZxKOEKvrQ,Ao Vivo No Morro,2009-10-01,day,14.0,spotify:album:3vkIrPt0ie4c9ZxKOEKvrQ,7yQrcdkLdBAkV7yY9fF2Hw,Grupo Revelação,2009-01-01
2zm1xKwpzdUgFD0dcHgXOm,Aventureiro,2008-06-02,day,15.0,spotify:album:2zm1xKwpzdUgFD0dcHgXOm,7yQrcdkLdBAkV7yY9fF2Hw,Grupo Revelação,2008-01-01
4Ur1fytpHsILtitE1LYJkM,Velocidade da Luz,2006-07-25,day,15.0,spotify:album:4Ur1fytpHsILtitE1LYJkM,7yQrcdkLdBAkV7yY9fF2Hw,Grupo Revelação,2006-01-01
31OjfB9DNwodXUcGMRM2Jx,Maxximum - Grupo Revelação,2005-11-14,day,16.0,spotify:album:31OjfB9DNwodXUcGMRM2Jx,7yQrcdkLdBAkV7yY9fF2Hw,Grupo Revelação,2005-01-01
7mEYsOVpITrFGkeTJWQVjj,Ao Vivo - Na Palma da Mão,2004-06-17,day,15.0,spotify:album:7mEYsOVpITrFGkeTJWQVjj,7yQrcdkLdBAkV7yY9fF2Hw,Grupo Revelação,2004-01-01
3t90OdRaE71QuHR2Ypf7E2,Novos Tempos,2003-08-15,day,14.0,spotify:album:3t90OdRaE71QuHR2Ypf7E2,7yQrcdkLdBAkV7yY9fF2Hw,Grupo Revelação,2003-01-01
29zZdrNrxlZsolrlspfmDA,"Ao Cubo, Ao Vivo, Em Cores",2019-03-29,day,11.0,spotify:album:29zZdrNrxlZsolrlspfmDA,1fUSLFr4WUBx7joEcGwpvG,Sorriso Maroto,2019-01-01
6AlWBOYX2xk7rgOx4ylI8E,"De Volta Pro Amanhã, Vol. 2 (Ao Vivo)",2018-01-26,day,8.0,spotify:album:6AlWBOYX2xk7rgOx4ylI8E,1fUSLFr4WUBx7joEcGwpvG,Sorriso Maroto,2018-01-01
4ebHkMmJwbQB05uJsbA2Bc,"De Volta Pro Amanhã, Vol. 1 (Ao Vivo)",2017-12-15,day,10.0,spotify:album:4ebHkMmJwbQB05uJsbA2Bc,1fUSLFr4WUBx7joEcGwpvG,Sorriso Maroto,2017-01-01
3hJfCIb4XahksPQhwU9hYv,De Volta Pro Amanhã (Deluxe),2016-06-10,day,17.0,spotify:album:3hJfCIb4XahksPQhwU9hYv,1fUSLFr4WUBx7joEcGwpvG,Sorriso Maroto,2016-01-01
7lHW8rrEWFga0TGGw8QucQ,De Volta Pro Amanhã,2016-06-03,day,14.0,spotify:album:7lHW8rrEWFga0TGGw8QucQ,1fUSLFr4WUBx7joEcGwpvG,Sorriso Maroto,2016-01-01
0ugEQ8iGWimN30RiyFFpTj,Sorriso Eu Gosto Ao Vivo No Maracanãzinho - Vol. 2,2015-03-30,day,14.0,spotify:album:0ugEQ8iGWimN30RiyFFpTj,1fUSLFr4WUBx7joEcGwpvG,Sorriso Maroto,2015-01-01
6KaLWJoTsEQDyIg74R4qiS,Sorriso Eu Gosto Ao Vivo No Maracanãzinho,2014-11-24,day,12.0,spotify:album:6KaLWJoTsEQDyIg74R4qiS,1fUSLFr4WUBx7joEcGwpvG,Sorriso Maroto,2014-01-01
3K5SE55HUTFsVjDIxG6Azo,Fundamental - Sorriso Maroto 2,2013-01-01,year,14.0,spotify:album:3K5SE55HUTFsVjDIxG6Azo,1fUSLFr4WUBx7joEcGwpvG,Sorriso Maroto,2013-01-01
4DKTn4lIt3NSjdTZVDABAS,Fundamental - Sorriso Maroto Vol.1,2013-01-01,year,14.0,spotify:album:4DKTn4lIt3NSjdTZVDABAS,1fUSLFr4WUBx7joEcGwpvG,Sorriso Maroto,2013-01-01
6vQHnfXSuNmaMEStZpjV4r,100% Sorriso Maroto,2012-12-11,day,15.0,spotify:album:6vQHnfXSuNmaMEStZpjV4r,1fUSLFr4WUBx7joEcGwpvG,Sorriso Maroto,2012-01-01
0RlbNSReWJLkIMuks3uTB2,Sorriso 15 Anos (Ao Vivo) - Edição Bônus,2012-07-10,day,15.0,spotify:album:0RlbNSReWJLkIMuks3uTB2,1fUSLFr4WUBx7joEcGwpvG,Sorriso Maroto,2012-01-01
5nitXkehnraItwUPW3sXky,Sorriso 15 Anos - Ao Vivo,2012-07-10,day,14.0,spotify:album:5nitXkehnraItwUPW3sXky,1fUSLFr4WUBx7joEcGwpvG,Sorriso Maroto,2012-01-01
6dOjLRg45B2LaguRlTROGN,Sorriso Maroto Ao Vivo No Recife,2010-01-01,day,16.0,spotify:album:6dOjLRg45B2LaguRlTROGN,1fUSLFr4WUBx7joEcGwpvG,Sorriso Maroto,2010-01-01
1wxhJ9g9EIFgRZVojD02Nd,Sinais,2009-05-01,day,15.0,spotify:album:1wxhJ9g9EIFgRZVojD02Nd,1fUSLFr4WUBx7joEcGwpvG,Sorriso Maroto,2009-01-01
2ku48nEqvaMy0KKvpQUJr8,Pagode Pra Namorar,2008-12-16,day,10.0,spotify:album:2ku48nEqvaMy0KKvpQUJr8,1fUSLFr4WUBx7joEcGwpvG,Sorriso Maroto,2008-01-01
3yfjzd2cnwMvwfk3L3zEsB,É Diferente Ao Vivo,2007-02-10,day,27.0,spotify:album:3yfjzd2cnwMvwfk3L3zEsB,1RnHJ07H3jcpay9PrUPjnt,Raça Negra,2007-01-01
0nax8M9StAXGx54wYprGHN,Por Você Ao Vivo,2005-05-03,day,14.0,spotify:album:0nax8M9StAXGx54wYprGHN,1fUSLFr4WUBx7joEcGwpvG,Sorriso Maroto,2005-01-01
3ZNJvva42hLaKAl4olNoXt,"Sorriso Eu Gosto Ao Vivo No Maracanãzinho, Vol. 2",2005-01-01,year,14.0,spotify:album:3ZNJvva42hLaKAl4olNoXt,1fUSLFr4WUBx7joEcGwpvG,Sorriso Maroto,2005-01-01
1WXbmJsrlwiHokADp7K80H,Por Você,2003-05-27,day,12.0,spotify:album:1WXbmJsrlwiHokADp7K80H,1fUSLFr4WUBx7joEcGwpvG,Sorriso Maroto,2003-01-01
2ZEUi31GBdpTOWmQNXzajm,Amo Noronha (Ao Vivo),2019-09-09,day,18.0,spotify:album:2ZEUi31GBdpTOWmQNXzajm,3V7U1x0TRBn7spzHDQiZhi,Jeito Moleque,2019-01-01
3o07I0gOH6WWOgN7ydMl86,Amo Noronha (Ao Vivo),2019-06-07,day,13.0,spotify:album:3o07I0gOH6WWOgN7ydMl86,3V7U1x0TRBn7spzHDQiZhi,Jeito Moleque,2019-01-01
3CjUw8mFf9q9BxGe6WcDRO,1º Show de Volta aos Palcos: Ao Vivo em Floripa,2017-12-22,day,17.0,spotify:album:3CjUw8mFf9q9BxGe6WcDRO,3V7U1x0TRBn7spzHDQiZhi,Jeito Moleque,2017-01-01
3Z765QawqJAPh4OQUBTwDL,Viva Vida,2012-08-10,day,15.0,spotify:album:3Z765QawqJAPh4OQUBTwDL,3V7U1x0TRBn7spzHDQiZhi,Jeito Moleque,2012-01-01
3LwqHNRqGNEl9jlN1GSuxX,5 Elementos (Ao Vivo),2009-08-27,day,18.0,spotify:album:3LwqHNRqGNEl9jlN1GSuxX,3V7U1x0TRBn7spzHDQiZhi,Jeito Moleque,2009-01-01
3yKqCwhyt6KxTTcdIEIbkR,Ao Vivo na Amazônia,2008-04-14,day,24.0,spotify:album:3yKqCwhyt6KxTTcdIEIbkR,3V7U1x0TRBn7spzHDQiZhi,Jeito Moleque,2008-01-01
2lQXv0D6odH3Twj6VV121D,O Som Do Bem,2007-01-01,day,13.0,spotify:album:2lQXv0D6odH3Twj6VV121D,3V7U1x0TRBn7spzHDQiZhi,Jeito Moleque,2007-01-01
2XXAGn75HHgZmH2oF0eNhd,Me Faz Feliz (Ao Vivo),2005-01-03,day,17.0,spotify:album:2XXAGn75HHgZmH2oF0eNhd,3V7U1x0TRBn7spzHDQiZhi,Jeito Moleque,2005-01-01
6ctr7evXPv43brR3Ymcbff,Me Faz Feliz (Ao Vivo),2005-01-03,day,17.0,spotify:album:6ctr7evXPv43brR3Ymcbff,3V7U1x0TRBn7spzHDQiZhi,Jeito Moleque,2005-01-01
3KUDsIAudIpJNvqaydmGPF,Jeito Moleque (Ao Vivo),2004-01-01,day,11.0,spotify:album:3KUDsIAudIpJNvqaydmGPF,3V7U1x0TRBn7spzHDQiZhi,Jeito Moleque,2004-01-01
1r0CyGhPtjXHJgkiGS6Xii,Samba Pras Moças (Remastered),2020-11-27,day,13.0,spotify:album:1r0CyGhPtjXHJgkiGS6Xii,3qZ2n5keOAat1SoF6bHwmb,Zeca Pagodinho,2020-01-01
0ihjlZ6pyIMNly2O2OLIm0,Zeca Pagodinho Em Casa,2020-06-25,day,19.0,spotify:album:0ihjlZ6pyIMNly2O2OLIm0,3qZ2n5keOAat1SoF6bHwmb,Zeca Pagodinho,2020-01-01
4fN80AnER7ua5DH8U1A7k9,Mais Feliz,2019-09-17,day,14.0,spotify:album:4fN80AnER7ua5DH8U1A7k9,3qZ2n5keOAat1SoF6bHwmb,Zeca Pagodinho,2019-01-01
25zzhT1lKycKAqziQmW4Yt,De Santo Amaro a Xerém (ao Vivo),2018-11-30,day,34.0,spotify:album:25zzhT1lKycKAqziQmW4Yt,3qZ2n5keOAat1SoF6bHwmb,Zeca Pagodinho,2018-01-01
5h5zhWL8rSflMP0qpVdPSg,Ser Humano,2015-04-21,day,14.0,spotify:album:5h5zhWL8rSflMP0qpVdPSg,3qZ2n5keOAat1SoF6bHwmb,Zeca Pagodinho,2015-01-01
16633EU219Z7VDaX2zre8e,Com Passo De MPB,2014-09-25,day,18.0,spotify:album:16633EU219Z7VDaX2zre8e,3qZ2n5keOAat1SoF6bHwmb,Zeca Pagodinho,2014-01-01
7eex0qbymO9JsmCW7agDWM,Multishow Ao Vivo: 30 Anos - Vida Que Segue,2013-01-01,day,20.0,spotify:album:7eex0qbymO9JsmCW7agDWM,3qZ2n5keOAat1SoF6bHwmb,Zeca Pagodinho,2013-01-01
5CPyXPaL9Qzv5Mpi2HQBug,Ao Vivo Com Os Amigos,2011-09-12,day,10.0,spotify:album:5CPyXPaL9Qzv5Mpi2HQBug,3qZ2n5keOAat1SoF6bHwmb,Zeca Pagodinho,2011-01-01
4ZUWlTvPm5AmHmVlUpi2jM,Vida Da Minha Vida,2010-01-01,day,15.0,spotify:album:4ZUWlTvPm5AmHmVlUpi2jM,3qZ2n5keOAat1SoF6bHwmb,Zeca Pagodinho,2010-01-01
4rDMla3wFYoWfhcoUQ5XuC,Zeca Pagodinho - Uma Prova De Amor Ao Vivo (Deluxe),2009-07-10,day,24.0,spotify:album:4rDMla3wFYoWfhcoUQ5XuC,3qZ2n5keOAat1SoF6bHwmb,Zeca Pagodinho,2009-01-01
4cuDnqSKvOov32t49dDSVv,Zeca Pagodinho Naturalmente,2009-01-01,day,16.0,spotify:album:4cuDnqSKvOov32t49dDSVv,3qZ2n5keOAat1SoF6bHwmb,Zeca Pagodinho,2009-01-01
5wyi9NcIXOpu7nVvtok7ej,Uma Prova De Amor,2008-01-01,day,16.0,spotify:album:5wyi9NcIXOpu7nVvtok7ej,3qZ2n5keOAat1SoF6bHwmb,Zeca Pagodinho,2008-01-01
7iCSQxsVeR0QhUHJIDjg2g,Zeca Pagodinho Sem Limite,2007-01-08,day,29.0,spotify:album:7iCSQxsVeR0QhUHJIDjg2g,3qZ2n5keOAat1SoF6bHwmb,Zeca Pagodinho,2007-01-01
4I2Ns098Q7Ti5QCsuQMars,Acústico Zeca Pagodinho 2 - Gafieira (Ao Vivo / Deluxe),2006-08-23,day,26.0,spotify:album:4I2Ns098Q7Ti5QCsuQMars,3qZ2n5keOAat1SoF6bHwmb,Zeca Pagodinho,2006-01-01
0yHfBObaSxzkEp3F8xaJ7x,À Vera,2005-01-01,day,15.0,spotify:album:0yHfBObaSxzkEp3F8xaJ7x,3qZ2n5keOAat1SoF6bHwmb,Zeca Pagodinho,2005-01-01
6Qk0MFoJADNJKGdDHNdgmi,I Love MPB - Pra Gente Se Amar,2004-01-01,day,14.0,spotify:album:6Qk0MFoJADNJKGdDHNdgmi,3qZ2n5keOAat1SoF6bHwmb,Zeca Pagodinho,2004-01-01
1z1asSGcjVO69ThLiouUcH,Novo Millennium,2004-01-01,day,20.0,spotify:album:1z1asSGcjVO69ThLiouUcH,3qZ2n5keOAat1SoF6bHwmb,Zeca Pagodinho,2004-01-01
42nxYKjdRqrwa9OBd8WDS5,Acústico - Zeca Pagodinho (Deluxe / Ao Vivo),2003-09-09,day,26.0,spotify:album:42nxYKjdRqrwa9OBd8WDS5,3qZ2n5keOAat1SoF6bHwmb,Zeca Pagodinho,2003-01-01
7i8YlUlDh0FGensgNixPqf,O Samba Aqui Já Esquentou,2019-12-20,day,11.0,spotify:album:7i8YlUlDh0FGensgNixPqf,4Mw0vJsDXTZF7kn7EsdNoD,Dudu Nobre,2019-01-01
350nqjVQuRlD2TewTIXw6A,O Cavaco Foi pra Pista,2019-09-27,day,10.0,spotify:album:350nqjVQuRlD2TewTIXw6A,4Mw0vJsDXTZF7kn7EsdNoD,Dudu Nobre,2019-01-01
4Gni4t755N9iO4eXoxqb1n,Cavaco de Natal (Deluxe Edition),2018-12-21,day,9.0,spotify:album:4Gni4t755N9iO4eXoxqb1n,4Mw0vJsDXTZF7kn7EsdNoD,Dudu Nobre,2018-01-01
5kYu9bARDbPVEJxBkK9ccy,Cavaco de Natal,2017-12-08,day,7.0,spotify:album:5kYu9bARDbPVEJxBkK9ccy,4Mw0vJsDXTZF7kn7EsdNoD,Dudu Nobre,2017-01-01
2HgU8eUXGvRhC8dTX7yZKY,Os Mais Lindos Sambas Enredo de Todos os Tempos,2014-01-27,day,14.0,spotify:album:2HgU8eUXGvRhC8dTX7yZKY,4Mw0vJsDXTZF7kn7EsdNoD,Dudu Nobre,2014-01-01
0w4pTqweerAVBN7ndlhheA,Ainda É Cedo,2013-08-16,day,12.0,spotify:album:0w4pTqweerAVBN7ndlhheA,4Mw0vJsDXTZF7kn7EsdNoD,Dudu Nobre,2013-01-01
7humftJzYvJFhxTE6vFQzO,Roda De Samba Ao Vivo,2008-01-01,day,18.0,spotify:album:7humftJzYvJFhxTE6vFQzO,4Mw0vJsDXTZF7kn7EsdNoD,Dudu Nobre,2008-01-01
1OW9Meh8eUDNLQxZiA51Gk,Dudu Nobre 2007,2007-01-01,day,14.0,spotify:album:1OW9Meh8eUDNLQxZiA51Gk,4Mw0vJsDXTZF7kn7EsdNoD,Dudu Nobre,2007-01-01
6BZa0SHOryKEdNoZFIktqs,Maxximum - Dudu Nobre,2005-08-22,day,16.0,spotify:album:6BZa0SHOryKEdNoZFIktqs,4Mw0vJsDXTZF7kn7EsdNoD,Dudu Nobre,2005-01-01
4bC6gHAfWZ8fSNcMy4heNd,Festa Em Meu Coração,2005-05-02,day,14.0,spotify:album:4bC6gHAfWZ8fSNcMy4heNd,4Mw0vJsDXTZF7kn7EsdNoD,Dudu Nobre,2005-01-01
75onhrkk9vA5GteTTAFY2z,Dudu Nobre Ao Vivo,2004-03-12,day,20.0,spotify:album:75onhrkk9vA5GteTTAFY2z,4Mw0vJsDXTZF7kn7EsdNoD,Dudu Nobre,2004-01-01
5fzGa82FnHcM1RfqyMAdP1,Chegue Mais,2002-10-01,day,14.0,spotify:album:5fzGa82FnHcM1RfqyMAdP1,4Mw0vJsDXTZF7kn7EsdNoD,Dudu Nobre,2002-01-01
7qbifdalLtBeQvvuMupelk,Moleque Dudu,2001-05-02,day,15.0,spotify:album:7qbifdalLtBeQvvuMupelk,4Mw0vJsDXTZF7kn7EsdNoD,Dudu Nobre,2001-01-01
39jQQ5mZUw2suOf2SEoa9z,Dudu Nobre,1999-07-15,day,14.0,spotify:album:39jQQ5mZUw2suOf2SEoa9z,4Mw0vJsDXTZF7kn7EsdNoD,Dudu Nobre,1999-01-01
0hSUBFqEpxTYTXyYfVncOw,Raça Negra e Amigos II (Ao Vivo),2017-08-25,day,25.0,spotify:album:0hSUBFqEpxTYTXyYfVncOw,1RnHJ07H3jcpay9PrUPjnt,Raça Negra,2017-01-01
64lYVfx8NrXctVRKwGbPWB,Rei do Baile,2015-12-04,day,12.0,spotify:album:64lYVfx8NrXctVRKwGbPWB,1RnHJ07H3jcpay9PrUPjnt,Raça Negra,2015-01-01
5F29W95AYHMYmuAQfKnbX8,Raça Negra & Amigos,2012-05-10,day,16.0,spotify:album:5F29W95AYHMYmuAQfKnbX8,1RnHJ07H3jcpay9PrUPjnt,Raça Negra,2012-01-01
5zHbW1Cl8DgvIolJZfTrdG,Boa Sorte,2010-03-18,day,14.0,spotify:album:5zHbW1Cl8DgvIolJZfTrdG,1RnHJ07H3jcpay9PrUPjnt,Raça Negra,2010-01-01
5rblxoTmh8yAzjyzK4gpUq,Canta Jovem Guarda Vol. 02,2009-09-10,day,18.0,spotify:album:5rblxoTmh8yAzjyzK4gpUq,1RnHJ07H3jcpay9PrUPjnt,Raça Negra,2009-01-01
2ku48nEqvaMy0KKvpQUJr8,Pagode Pra Namorar,2008-12-16,day,10.0,spotify:album:2ku48nEqvaMy0KKvpQUJr8,1fUSLFr4WUBx7joEcGwpvG,Sorriso Maroto,2008-01-01
4eh31GDcQe9dTsx4rcBh93,Raça Negra 25 Anos (Ao Vivo),2008-02-02,day,26.0,spotify:album:4eh31GDcQe9dTsx4rcBh93,1RnHJ07H3jcpay9PrUPjnt,Raça Negra,2008-01-01
3mUJ13LTs1hM5K8hlLzy5o,"Raça Negra, Vol. 23",2006-04-24,day,12.0,spotify:album:3mUJ13LTs1hM5K8hlLzy5o,1RnHJ07H3jcpay9PrUPjnt,Raça Negra,2006-01-01
4AP8HI1sOQvX90OO8eNpWW,Raça Negra Ao Vivo,2004-01-01,day,18.0,spotify:album:4AP8HI1sOQvX90OO8eNpWW,1RnHJ07H3jcpay9PrUPjnt,Raça Negra,2004-01-01
1YZh5Huo7eN4QERA51SAQD,A Vida Por Um Beijo,2003-01-01,day,14.0,spotify:album:1YZh5Huo7eN4QERA51SAQD,1RnHJ07H3jcpay9PrUPjnt,Raça Negra,2003-01-01
3YusV0dG1krriKY9SllT9q,Samba Jovem Guarda,2002-01-07,day,14.0,spotify:album:3YusV0dG1krriKY9SllT9q,1RnHJ07H3jcpay9PrUPjnt,Raça Negra,2002-01-01
2Vn6BGGxfAG53UqIH8gJIW,Raça Negra Sem Limite,2001-01-08,day,23.0,spotify:album:2Vn6BGGxfAG53UqIH8gJIW,1RnHJ07H3jcpay9PrUPjnt,Raça Negra,2001-01-01
2XnfQ1Gl4IMmlUbzsaQXwA,Raça Negra,2001-01-01,day,15.0,spotify:album:2XnfQ1Gl4IMmlUbzsaQXwA,1RnHJ07H3jcpay9PrUPjnt,Raça Negra,2001-01-01
6smzTn08XxXLIHbAkff0EW,Vem Pra Ficar,2000-01-01,day,15.0,spotify:album:6smzTn08XxXLIHbAkff0EW,1RnHJ07H3jcpay9PrUPjnt,Raça Negra,2000-01-01
64UsYiPOiVX2mFURxtLe8Y,Raça Negra Ao Vivo,1999-01-01,day,16.0,spotify:album:64UsYiPOiVX2mFURxtLe8Y,1RnHJ07H3jcpay9PrUPjnt,Raça Negra,1999-01-01
4RkZlSsx550sBAs176taJE,Raça Negra - Vol. 9,1998-01-01,day,13.0,spotify:album:4RkZlSsx550sBAs176taJE,1RnHJ07H3jcpay9PrUPjnt,Raça Negra,1998-01-01
6syFuuqkNCeGBkoMXkex0x,Raça Negra - Vol. 8,1997-01-01,day,13.0,spotify:album:6syFuuqkNCeGBkoMXkex0x,1RnHJ07H3jcpay9PrUPjnt,Raça Negra,1997-01-01
4qBS8sfDa0EQSa6OXCFNP5,Raça Negra - Vol. 7,1996-01-01,day,11.0,spotify:album:4qBS8sfDa0EQSa6OXCFNP5,1RnHJ07H3jcpay9PrUPjnt,Raça Negra,1996-01-01
29V84LmnwpPioQeVpnFII6,Raça Negra - Ao Vivo - Vol. 1,1995-01-01,day,13.0,spotify:album:29V84LmnwpPioQeVpnFII6,1RnHJ07H3jcpay9PrUPjnt,Raça Negra,1995-01-01
11YRkIQVVfE8n1ly0xuDKU,O Lado B (30 Anos) [Ao Vivo],2019-09-27,day,11.0,spotify:album:11YRkIQVVfE8n1ly0xuDKU,2B8HcBRTizIsSPryM46Sb1,Só Pra Contrariar,2019-01-01
0TPj8qj5B1BEGgOMVVFrFg,Samba Pop,2016-11-11,day,7.0,spotify:album:0TPj8qj5B1BEGgOMVVFrFg,2B8HcBRTizIsSPryM46Sb1,Só Pra Contrariar,2016-01-01
0pBLbh3v6V9h6KOcuD9PVW,Samba Pop,2016-11-11,day,7.0,spotify:album:0pBLbh3v6V9h6KOcuD9PVW,2B8HcBRTizIsSPryM46Sb1,Só Pra Contrariar,2016-01-01
3QtJpsJD9hX2lDmJEnvdGE,SPC 25 Anos (Ao Vivo),2013-10-14,day,15.0,spotify:album:3QtJpsJD9hX2lDmJEnvdGE,2B8HcBRTizIsSPryM46Sb1,Só Pra Contrariar,2013-01-01
7igqHiSk2CH9AfjFNrBVGC,SPC 25 Anos (Ao Vivo),2013-10-14,day,14.0,spotify:album:7igqHiSk2CH9AfjFNrBVGC,2B8HcBRTizIsSPryM46Sb1,Só Pra Contrariar,2013-01-01
2oa9xbI57OzbyKqW8Hb7eA,Mega Hits - SPC,2012-10-01,day,30.0,spotify:album:2oa9xbI57OzbyKqW8Hb7eA,2B8HcBRTizIsSPryM46Sb1,Só Pra Contrariar,2012-01-01
0GDuHCmg7e34M7We1ggsM0,Seleção Essencial - Grandes Sucessos - Só Pra Contrariar,2010-06-17,day,16.0,spotify:album:0GDuHCmg7e34M7We1ggsM0,2B8HcBRTizIsSPryM46Sb1,Só Pra Contrariar,2010-01-01
6Nm5DiOuT2rp5b8ahF5Yz4,Maxximum - Só Pra Contrariar,2005-08-08,day,17.0,spotify:album:6Nm5DiOuT2rp5b8ahF5Yz4,2B8HcBRTizIsSPryM46Sb1,Só Pra Contrariar,2005-01-01
6Vlb689VBOtNIidVxhytXQ,Produto Nacional II,2004-04-15,day,14.0,spotify:album:6Vlb689VBOtNIidVxhytXQ,2B8HcBRTizIsSPryM46Sb1,Só Pra Contrariar,2004-01-01
4AqVwGu3CAevIj59eTKhn7,Produto Nacional,2003-03-18,day,14.0,spotify:album:4AqVwGu3CAevIj59eTKhn7,2B8HcBRTizIsSPryM46Sb1,Só Pra Contrariar,2003-01-01
1AJJshAbfTTEnw1A7a4Dcq,Só Pra Contrariar (Acústico),2002-03-15,day,14.0,spotify:album:1AJJshAbfTTEnw1A7a4Dcq,2B8HcBRTizIsSPryM46Sb1,Só Pra Contrariar,2002-01-01
2J7bvomcDs23tPFqMFTEgJ,Bom Astral,2000-06-30,day,14.0,spotify:album:2J7bvomcDs23tPFqMFTEgJ,2B8HcBRTizIsSPryM46Sb1,Só Pra Contrariar,2000-01-01
5mM067UaFCsBfVt32gWIxs,Só Pra Contrariar,1999-12-07,day,16.0,spotify:album:5mM067UaFCsBfVt32gWIxs,2B8HcBRTizIsSPryM46Sb1,Só Pra Contrariar,1999-01-01
3FAa9wLA3odnqebTrul4Mj,Focus: O Essencial de Só Pra Contrariar,1999-07-31,day,19.0,spotify:album:3FAa9wLA3odnqebTrul4Mj,2B8HcBRTizIsSPryM46Sb1,Só Pra Contrariar,1999-01-01
3pdQZEemUwFCczgVj02Ui6,Juegos de Amor,1999-01-01,day,12.0,spotify:album:3pdQZEemUwFCczgVj02Ui6,2B8HcBRTizIsSPryM46Sb1,Só Pra Contrariar,1999-01-01
7BiEDrlIU0bX8t4iKG7GlW,Só Pra Contrariar,1998-03-31,day,16.0,spotify:album:7BiEDrlIU0bX8t4iKG7GlW,2B8HcBRTizIsSPryM46Sb1,Só Pra Contrariar,1998-01-01
1mi6f1C2iBe6mmtRqjVpDQ,So Pra Contrariar (1997),1997-02-28,day,15.0,spotify:album:1mi6f1C2iBe6mmtRqjVpDQ,2B8HcBRTizIsSPryM46Sb1,Só Pra Contrariar,1997-01-01
0uaVLWvx3OFrZNV6MxulJF,So Pra Contrariar Ao Vivo,1996-06-22,day,15.0,spotify:album:0uaVLWvx3OFrZNV6MxulJF,2B8HcBRTizIsSPryM46Sb1,Só Pra Contrariar,1996-01-01
28Gp1KQLSKhicCEUOJtXxP,O Samba Não Tem Fronteiras,1995-09-14,day,14.0,spotify:album:28Gp1KQLSKhicCEUOJtXxP,2B8HcBRTizIsSPryM46Sb1,Só Pra Contrariar,1995-01-01
4tV1Azuq28wckbq005s9aa,Só Pra Contrariar,1994-08-30,day,14.0,spotify:album:4tV1Azuq28wckbq005s9aa,2B8HcBRTizIsSPryM46Sb1,Só Pra Contrariar,1994-01-01
53k9ad4MBlUYZ80RmuvC9T,"Katinguelando, Vol. 1",2021-03-19,day,10.0,spotify:album:53k9ad4MBlUYZ80RmuvC9T,3gdaj3L0OqxdaVoxnI7ZGu,Katinguelê,2021-01-01
3feHdsDP00oOptDcXkm4or,Katinguelê no Estúdio Showlivre (Ao Vivo),2018-10-12,day,10.0,spotify:album:3feHdsDP00oOptDcXkm4or,3gdaj3L0OqxdaVoxnI7ZGu,Katinguelê,2018-01-01
66TWZmTNu0REXPKalEIP4B,Um Novo Tempo,2018-08-06,day,22.0,spotify:album:66TWZmTNu0REXPKalEIP4B,3gdaj3L0OqxdaVoxnI7ZGu,Katinguelê,2018-01-01
29mj2EBHk6cbFzxJIf2nKm,Essência,2015-10-13,day,8.0,spotify:album:29mj2EBHk6cbFzxJIf2nKm,3gdaj3L0OqxdaVoxnI7ZGu,Katinguelê,2015-01-01
7xz8tnZi11nLfQEpq3TBzW,Por Amor,2012-09-18,day,15.0,spotify:album:7xz8tnZi11nLfQEpq3TBzW,3gdaj3L0OqxdaVoxnI7ZGu,Katinguelê,2012-01-01
5jDoVjhrNqeX5g8YiuM34r,O Show Vai Começar (Ao Vivo),2004-11-01,day,14.0,spotify:album:5jDoVjhrNqeX5g8YiuM34r,3gdaj3L0OqxdaVoxnI7ZGu,Katinguelê,2004-01-01
7G3uxccvypd9Io8ID7meV1,O Show vai Começar (Ao Vivo),2004-02-11,day,14.0,spotify:album:7G3uxccvypd9Io8ID7meV1,3gdaj3L0OqxdaVoxnI7ZGu,Katinguelê,2004-01-01
7cCn49lyrTn5LKFl3nJtsD,Venha Matar Saudades,2000-12-06,day,14.0,spotify:album:7cCn49lyrTn5LKFl3nJtsD,3gdaj3L0OqxdaVoxnI7ZGu,Katinguelê,2000-01-01
43PkMS3xuziayb8af0nQYJ,Ao Vivo (15 Anos),1998-03-17,day,15.0,spotify:album:43PkMS3xuziayb8af0nQYJ,3gdaj3L0OqxdaVoxnI7ZGu,Katinguelê,1998-01-01
6be252ruiK8KktdALdpNvq,Katinguelê Na Área,1998-03-17,day,15.0,spotify:album:6be252ruiK8KktdALdpNvq,3gdaj3L0OqxdaVoxnI7ZGu,Katinguelê,1998-01-01
13Prt8qeLRyr0OWxTb35Ah,Mundo dos sonhos,1997-01-06,day,13.0,spotify:album:13Prt8qeLRyr0OWxTb35Ah,3gdaj3L0OqxdaVoxnI7ZGu,Katinguelê,1997-01-01
1MDkaQKuIuel15iZvcrFRu,No compasso do criador,1996-01-01,year,13.0,spotify:album:1MDkaQKuIuel15iZvcrFRu,3gdaj3L0OqxdaVoxnI7ZGu,Katinguelê,1996-01-01
1VU6zCepngLGWyvRcxXgi2,Bem No Íntimo,1995-04-10,day,10.0,spotify:album:1VU6zCepngLGWyvRcxXgi2,3gdaj3L0OqxdaVoxnI7ZGu,Katinguelê,1995-01-01
6ZT6p0YL0PZLu5tyPSQVt0,Meu Recado,1995-04-10,day,12.0,spotify:album:6ZT6p0YL0PZLu5tyPSQVt0,3gdaj3L0OqxdaVoxnI7ZGu,Katinguelê,1995-01-01
0HZJcBs9JJSP8i4C1i8Nvc,Pode Chegar,1999-01-01,day,14.0,spotify:album:0HZJcBs9JJSP8i4C1i8Nvc,153Lu5Zmx36hPnRpaHV0zq,Os Morenos,1999-01-01
0wOnCRfTgC9odZ3c4ZLNIz,Teu Charme,1996-09-21,day,13.0,spotify:album:0wOnCRfTgC9odZ3c4ZLNIz,153Lu5Zmx36hPnRpaHV0zq,Os Morenos,1996-01-01
53p7DyRzgGkMf9pdc1jnm0,Os Morenos,1994-03-30,day,12.0,spotify:album:53p7DyRzgGkMf9pdc1jnm0,153Lu5Zmx36hPnRpaHV0zq,Os Morenos,1994-01-01
6ZqDkvdbuEgn5VHHUszx2r,#Otvs (Live),2019-04-30,day,8.0,spotify:album:6ZqDkvdbuEgn5VHHUszx2r,3RpJ23sQA3B70ZgSnT2Vxr,Os Travessos,2019-01-01
28FpgcStRg9JKsPB5MqB6u,"Os Travessos no Estúdio Showlivre, Vol. 2 (Ao Vivo)",2018-08-31,day,10.0,spotify:album:28FpgcStRg9JKsPB5MqB6u,3RpJ23sQA3B70ZgSnT2Vxr,Os Travessos,2018-01-01
0DBVxJIK1HnJzLXqIMnLEf,#Otvs: 20 Anos (Edição Luxo) [Ao Vivo],2016-07-25,day,22.0,spotify:album:0DBVxJIK1HnJzLXqIMnLEf,3RpJ23sQA3B70ZgSnT2Vxr,Os Travessos,2016-01-01
6PqCzh1mBcuwFBDkrxiLkx,20 Anos (Ao Vivo),2016-07-01,day,14.0,spotify:album:6PqCzh1mBcuwFBDkrxiLkx,3RpJ23sQA3B70ZgSnT2Vxr,Os Travessos,2016-01-01
7K5WQiWZjKeV96dPY05XE8,Controle do Jogo,2016-03-18,day,10.0,spotify:album:7K5WQiWZjKeV96dPY05XE8,3RpJ23sQA3B70ZgSnT2Vxr,Os Travessos,2016-01-01
7qD2NVZv7aNeOtHyOs89ke,iCollection,2015-08-28,day,19.0,spotify:album:7qD2NVZv7aNeOtHyOs89ke,3RpJ23sQA3B70ZgSnT2Vxr,Os Travessos,2015-01-01
3QldNJD1ab59h4jqVPXDUh,Os Travessos 20 Anos (Ao Vivo),2015-08-15,day,14.0,spotify:album:3QldNJD1ab59h4jqVPXDUh,3RpJ23sQA3B70ZgSnT2Vxr,Os Travessos,2015-01-01
5b8xUCL4NUVNhkbTJ6pYOf,Tarde Ou Cedo,2013-06-03,day,10.0,spotify:album:5b8xUCL4NUVNhkbTJ6pYOf,3RpJ23sQA3B70ZgSnT2Vxr,Os Travessos,2013-01-01
0RHV3CS0QVHH1MVy7LYXMq,Ao Vivo em Pelotas,2013-03-07,day,18.0,spotify:album:0RHV3CS0QVHH1MVy7LYXMq,3RpJ23sQA3B70ZgSnT2Vxr,Os Travessos,2013-01-01
1XnFtwOxIxSfmVTEvVZSw8,Ao Vivo,2004-02-26,day,14.0,spotify:album:1XnFtwOxIxSfmVTEvVZSw8,3RpJ23sQA3B70ZgSnT2Vxr,Os Travessos,2004-01-01
37z7aenP78IyKOCP50RiJi,Dito e Feito,2003-05-09,day,13.0,spotify:album:37z7aenP78IyKOCP50RiJi,3RpJ23sQA3B70ZgSnT2Vxr,Os Travessos,2003-01-01
5mv5i2blDCFaH9OwYNDflk,Os Travessos,2002-05-17,day,12.0,spotify:album:5mv5i2blDCFaH9OwYNDflk,3RpJ23sQA3B70ZgSnT2Vxr,Os Travessos,2002-01-01
4ItEltzdfrB6ZjFw09jgQc,Adivinha,2000-02-15,day,14.0,spotify:album:4ItEltzdfrB6ZjFw09jgQc,3RpJ23sQA3B70ZgSnT2Vxr,Os Travessos,2000-01-01
6uFnx7EQBN6RHRApBJWGgE,Os Travessos,2000-02-15,day,14.0,spotify:album:6uFnx7EQBN6RHRApBJWGgE,3RpJ23sQA3B70ZgSnT2Vxr,Os Travessos,2000-01-01
7GINqiBEPA2WY6UGVYminS,Pagodeando,1999-12-01,day,12.0,spotify:album:7GINqiBEPA2WY6UGVYminS,3RpJ23sQA3B70ZgSnT2Vxr,Os Travessos,1999-01-01
1q1YikfGe5sRLyppHKx0Rw,Nossa Dança,1997-06-01,day,14.0,spotify:album:1q1YikfGe5sRLyppHKx0Rw,3RpJ23sQA3B70ZgSnT2Vxr,Os Travessos,1997-01-01
