target,target_id,target_popularity,target_followers,source
Planet Hemp,3nasa4yabzvUeb6DzejDYU,54,566413,Marcelo D2
Planta E Raiz,5fKHm5RVUWIIirTGZlwGeO,59,638164,Marcelo D2
Ponto De Equilíbrio,6crUnfFtxFx7u9OGE1AHZo,59,825828,Marcelo D2
Mato Seco,2b3gMC15SnC8mwjnYiUXvx,53,445887,Marcelo D2
Gabriel O Pensador,5BWqFYIPTnFx3OPWOoJvmD,59,1207669,Marcelo D2
Black Alien,6aCbXH85qN6xo54C7atSMx,65,330508,Marcelo D2
ConeCrewDiretoria,0iUdFhwiXjGQWAt9yXPP1T,57,769241,Marcelo D2
O Rappa,1A5QJAC1vdhbhPE25Q0x0f,69,2982506,Marcelo D2
MV Bill,4oE4ASN8auDhoW9vsXp3VJ,60,640937,Marcelo D2
Criolo,37ZflmHTdxkSLQuT8w9NBs,64,906174,Marcelo D2
Natiruts,4PhdYoQGH8s1xee81dqQOO,72,2675600,Marcelo D2
Emicida,2d9LRvQJnAXRijqIJDDs2K,70,1663772,Marcelo D2
RZO,1CQJtHMGhqvrSZiRTjSeOU,48,364147,Marcelo D2
Rappin' Hood,7cLvBjizqjjdC350aOQ2KW,44,122610,Marcelo D2
Racionais MC's,29CQLw9uLWsl8Qkz9holfr,69,3795619,Marcelo D2
Flora Matos,5Znx4PG5UsUitigaJnmZX3,57,440986,Marcelo D2
Kamau,2oB7m9exCPwJ8jwDgKWjho,44,74879,Marcelo D2
Rodrigo Ogi,74DmeplOsb1zShj5BqqkbQ,45,62284,Marcelo D2
Sabotage,5deK5HnwbEKvge2svL0i0B,60,770881,Marcelo D2
De Leve,36BZD4FCNMALjIkKSpJABE,37,36719,Marcelo D2
Planet Hemp,3nasa4yabzvUeb6DzejDYU,54,566413,Black Alien
De Leve,36BZD4FCNMALjIkKSpJABE,37,36719,Black Alien
RZO,1CQJtHMGhqvrSZiRTjSeOU,48,364147,Black Alien
Marcelo D2,1vEN3d3dJbmdHQpXD6AIkL,65,1030053,Black Alien
Flora Matos,5Znx4PG5UsUitigaJnmZX3,57,440986,Black Alien
Criolo,37ZflmHTdxkSLQuT8w9NBs,64,906174,Black Alien
Emicida,2d9LRvQJnAXRijqIJDDs2K,70,1663772,Black Alien
Kamau,2oB7m9exCPwJ8jwDgKWjho,44,74879,Black Alien
MV Bill,4oE4ASN8auDhoW9vsXp3VJ,60,640937,Black Alien
Shawlin,21ebZl1YQNDiLcWYhgecph,36,36264,Black Alien
Rappin' Hood,7cLvBjizqjjdC350aOQ2KW,44,122610,Black Alien
Ponto De Equilíbrio,6crUnfFtxFx7u9OGE1AHZo,59,825828,Black Alien
Mato Seco,2b3gMC15SnC8mwjnYiUXvx,53,445887,Black Alien
Rashid,5WgRuO0mhM36NFoapzpWBH,63,589611,Black Alien
Sabotage,5deK5HnwbEKvge2svL0i0B,60,770881,Black Alien
Racionais MC's,29CQLw9uLWsl8Qkz9holfr,69,3795619,Black Alien
Mc Marechal,5YZEcrC3yHeiZ1bBvwKRUF,38,173359,Black Alien
Rodrigo Ogi,74DmeplOsb1zShj5BqqkbQ,45,62284,Black Alien
ConeCrewDiretoria,0iUdFhwiXjGQWAt9yXPP1T,57,769241,Black Alien
SNJ,53eJax5oXY1SqAwVjSO7Uk,39,155955,Black Alien
Emicida,2d9LRvQJnAXRijqIJDDs2K,70,1663772,Criolo
Black Alien,6aCbXH85qN6xo54C7atSMx,65,330508,Criolo
RZO,1CQJtHMGhqvrSZiRTjSeOU,48,364147,Criolo
Rashid,5WgRuO0mhM36NFoapzpWBH,63,589611,Criolo
Flora Matos,5Znx4PG5UsUitigaJnmZX3,57,440986,Criolo
Kamau,2oB7m9exCPwJ8jwDgKWjho,44,74879,Criolo
Mato Seco,2b3gMC15SnC8mwjnYiUXvx,53,445887,Criolo
Planet Hemp,3nasa4yabzvUeb6DzejDYU,54,566413,Criolo
ConeCrewDiretoria,0iUdFhwiXjGQWAt9yXPP1T,57,769241,Criolo
Shawlin,21ebZl1YQNDiLcWYhgecph,36,36264,Criolo
Ponto De Equilíbrio,6crUnfFtxFx7u9OGE1AHZo,59,825828,Criolo
Marcelo D2,1vEN3d3dJbmdHQpXD6AIkL,65,1030053,Criolo
Mc Marechal,5YZEcrC3yHeiZ1bBvwKRUF,38,173359,Criolo
SNJ,53eJax5oXY1SqAwVjSO7Uk,39,155955,Criolo
MV Bill,4oE4ASN8auDhoW9vsXp3VJ,60,640937,Criolo
Rappin' Hood,7cLvBjizqjjdC350aOQ2KW,44,122610,Criolo
Rodrigo Ogi,74DmeplOsb1zShj5BqqkbQ,45,62284,Criolo
Racionais MC's,29CQLw9uLWsl8Qkz9holfr,69,3795619,Criolo
Sabotage,5deK5HnwbEKvge2svL0i0B,60,770881,Criolo
De Leve,36BZD4FCNMALjIkKSpJABE,37,36719,Criolo
BK,1YOVBTvznjiDvtAj4ExHeo,69,557374,Djonga
Don L,6U98XWjrUPnPtPBjEprDmu,55,175677,Djonga
Baco Exu do Blues,78nr1pVnDR7qZH6QbVMYZf,64,685911,Djonga
Froid,45Yz90pqjzEdJzpEQg1eII,68,804256,Djonga
Hot e Oreia,2sxBXOW6WrpuO6rXZ3kHtE,51,55475,Djonga
ADL,6Ywb1no2hXLazjIs4LUiQD,51,225524,Djonga
Sant,7IlBcKrGUBJ0NKdnbDde89,63,330813,Djonga
Akira Presidente,6ZnwtQznVleZpEkQINdyfG,48,67702,Djonga
FBC,29QKtXMaVczUBDiI3aPBWS,57,83912,Djonga
Dfideliz,0oNOkdVXXFaWC9tPb7Ol10,70,480211,Djonga
Black Alien,6aCbXH85qN6xo54C7atSMx,65,330508,Djonga
Dalsin,6W2jVpE55n1wT0SrpxoeFk,52,225337,Djonga
Filipe Ret,7gJN8W0589FisSYJS17K54,75,1603643,Djonga
PrimeiraMente,3ljiSwQJmAVQVOXirjA2RT,48,367266,Djonga
Sain,26aPjwxSSJsGy6yQ19YL55,54,86342,Djonga
Coruja Bc1,6mw0OyFqwxCOmz1v3W3htO,49,215503,Djonga
Cacife Clandestino,2RKcy8YT2w2QYn0D7TjiIi,59,877057,Djonga
Febem,2Ip2jiEjsSe8pmRBzwTv5N,51,45642,Djonga
Luccas Carlos,5WFFFHVqeVk5tLuYh2KjQy,69,538197,Djonga
Cynthia Luz,0QHGCPmM4UgeNvrNPntSlu,68,691911,Djonga
Rashid,5WgRuO0mhM36NFoapzpWBH,63,589611,Emicida
Kamau,2oB7m9exCPwJ8jwDgKWjho,44,74879,Emicida
Flora Matos,5Znx4PG5UsUitigaJnmZX3,57,440986,Emicida
Projota,2zGf6lwQ9PxXdoeo5XXP2K,70,4940010,Emicida
Black Alien,6aCbXH85qN6xo54C7atSMx,65,330508,Emicida
ConeCrewDiretoria,0iUdFhwiXjGQWAt9yXPP1T,57,769241,Emicida
Planet Hemp,3nasa4yabzvUeb6DzejDYU,54,566413,Emicida
RZO,1CQJtHMGhqvrSZiRTjSeOU,48,364147,Emicida
Racionais MC's,29CQLw9uLWsl8Qkz9holfr,69,3795619,Emicida
Criolo,37ZflmHTdxkSLQuT8w9NBs,64,906174,Emicida
Mc Marechal,5YZEcrC3yHeiZ1bBvwKRUF,38,173359,Emicida
Karol Conká,6ODCVWBfGNFUf1bpo0c2Ge,56,494381,Emicida
MV Bill,4oE4ASN8auDhoW9vsXp3VJ,60,640937,Emicida
Mato Seco,2b3gMC15SnC8mwjnYiUXvx,53,445887,Emicida
Marcelo D2,1vEN3d3dJbmdHQpXD6AIkL,65,1030053,Emicida
Oriente,0IVBT8qQNwvHLzOJL6kGpE,62,1141613,Emicida
Ponto De Equilíbrio,6crUnfFtxFx7u9OGE1AHZo,59,825828,Emicida
Rappin' Hood,7cLvBjizqjjdC350aOQ2KW,44,122610,Emicida
Slim Rimografia,4nvBf0lV2z3i1dDtuZjOxp,31,54806,Emicida
Shawlin,21ebZl1YQNDiLcWYhgecph,36,36264,Emicida
Dalsin,6W2jVpE55n1wT0SrpxoeFk,52,225337,Froid
Sain,26aPjwxSSJsGy6yQ19YL55,54,86342,Froid
Don L,6U98XWjrUPnPtPBjEprDmu,55,175677,Froid
DV Tribo,4cePVnCFqOt3chPXh4qAMr,37,68887,Froid
Sant,7IlBcKrGUBJ0NKdnbDde89,63,330813,Froid
Um Barril de Rap,4KgE1hgkCQ2hN8TB6rM94G,43,178762,Froid
BK,1YOVBTvznjiDvtAj4ExHeo,69,557374,Froid
ADL,6Ywb1no2hXLazjIs4LUiQD,51,225524,Froid
PrimeiraMente,3ljiSwQJmAVQVOXirjA2RT,48,367266,Froid
Cynthia Luz,0QHGCPmM4UgeNvrNPntSlu,68,691911,Froid
Diomedes Chinaski,6DDTbUgrNrVcAJFVrOjmVK,55,105855,Froid
Chris MC,0obu7Om4zu9ahul5DI4JtY,70,354185,Froid
Luiz Lins,0hWRVPGWjaXcEvg8l65Tx0,60,422059,Froid
Coruja Bc1,6mw0OyFqwxCOmz1v3W3htO,49,215503,Froid
Síntese,44A7vIMeuMh3AhjFTkj8B5,46,120600,Froid
Cacife Clandestino,2RKcy8YT2w2QYn0D7TjiIi,59,877057,Froid
Luccas Carlos,5WFFFHVqeVk5tLuYh2KjQy,69,538197,Froid
Sagaz,5rl6n6CUJu1WGsvzf5m8M8,47,171093,Froid
Menestrel,4eQ4RMjplRznwHA1UBNnXT,54,115537,Froid
Filipe Ret,7gJN8W0589FisSYJS17K54,75,1603643,Froid
Raimundos,3CfJckVRuukdJSvK3r89yJ,64,1127583,Gabriel O Pensador
O Rappa,1A5QJAC1vdhbhPE25Q0x0f,69,2982506,Gabriel O Pensador
Planet Hemp,3nasa4yabzvUeb6DzejDYU,54,566413,Gabriel O Pensador
Cidade Negra,4cx31cxKTg5L8blZE24qfZ,62,1074666,Gabriel O Pensador
O Surto,6SXLkJrpyA2cxh2B1Xq3b7,47,82247,Gabriel O Pensador
Charlie Brown Jr.,1on7ZQ2pvgeQF4vmIA09x5,76,4742417,Gabriel O Pensador
Natiruts,4PhdYoQGH8s1xee81dqQOO,72,2675600,Gabriel O Pensador
Marcelo D2,1vEN3d3dJbmdHQpXD6AIkL,65,1030053,Gabriel O Pensador
Tihuana,6FvGIOpELnPLxPoyqotQ0Q,49,353081,Gabriel O Pensador
Ultraje a Rigor,3zkkrMSBLHuTKMI6I3fDWi,53,603631,Gabriel O Pensador
Velhas Virgens,1NG0y4OWAFilBtNB2Ey9jK,45,203561,Gabriel O Pensador
Planta E Raiz,5fKHm5RVUWIIirTGZlwGeO,59,638164,Gabriel O Pensador
Capital Inicial,4Z0yuwHVJBROVZqFpTIr0d,65,2176997,Gabriel O Pensador
Tribo De Jah,6oAqyhJILwJf9S3Of2zTuv,50,482339,Gabriel O Pensador
Titãs,2euX7vCVnJy3TVEGfc0RCl,65,1470923,Gabriel O Pensador
Ira!,7L5YQQJPL1wrmrdigJavV7,60,785249,Gabriel O Pensador
Detonautas Roque Clube,5AlUDdksfPP7l4Qm22MJA9,60,766393,Gabriel O Pensador
Mamonas Assassinas,5Q9RKJrjHdfpWVxzv45XTJ,59,931181,Gabriel O Pensador
Dazaranha,5Tj3XpWt9Z17NR581kYPQY,52,86740,Gabriel O Pensador
Mato Seco,2b3gMC15SnC8mwjnYiUXvx,53,445887,Gabriel O Pensador
Flora Matos,5Znx4PG5UsUitigaJnmZX3,57,440986,Karol Conká
Rashid,5WgRuO0mhM36NFoapzpWBH,63,589611,Karol Conká
Emicida,2d9LRvQJnAXRijqIJDDs2K,70,1663772,Karol Conká
Tassia Reis,0kc1BjcLHaXhZVzCp0HeAl,49,128929,Karol Conká
Rincon Sapiência,6syQjkQSMIrzw5cFnNRheo,55,238018,Karol Conká
Rico Dalasam,5nbaj9RaJdFNlS5ZxoqN97,50,71285,Karol Conká
Criolo,37ZflmHTdxkSLQuT8w9NBs,64,906174,Karol Conká
Drik Barbosa,1VJZvjGu80pBwk0qeJz8ZR,51,84855,Karol Conká
Black Alien,6aCbXH85qN6xo54C7atSMx,65,330508,Karol Conká
Kamau,2oB7m9exCPwJ8jwDgKWjho,44,74879,Karol Conká
Shawlin,21ebZl1YQNDiLcWYhgecph,36,36264,Karol Conká
SNJ,53eJax5oXY1SqAwVjSO7Uk,39,155955,Karol Conká
Marechal,3GUOShSqt7K9wSRgHu3ucX,15,35038,Karol Conká
Terra Preta,5ngE7XJPqw9CoOq3agu5FP,29,12567,Karol Conká
Nathy Mc,5Hh5JFQlFsF2xqhCzJuJCo,17,5780,Karol Conká
Slim Rimografia,4nvBf0lV2z3i1dDtuZjOxp,31,54806,Karol Conká
Mc Marechal,5YZEcrC3yHeiZ1bBvwKRUF,38,173359,Karol Conká
Projota,2zGf6lwQ9PxXdoeo5XXP2K,70,4940010,Karol Conká
MV Bill,4oE4ASN8auDhoW9vsXp3VJ,60,640937,Karol Conká
Max B.O.,7rtewsbZDDw2iy0GcqYs8e,21,8004,Karol Conká
Planet Hemp,3nasa4yabzvUeb6DzejDYU,54,566413,Pavilhão 9
RZO,1CQJtHMGhqvrSZiRTjSeOU,48,364147,Pavilhão 9
Facção Central,3V3rRpp5sbiBNY34AdnplK,49,508863,Pavilhão 9
De Menos Crime,0MihNWp86Psp4ss7Evogvv,26,40781,Pavilhão 9
Rappin' Hood,7cLvBjizqjjdC350aOQ2KW,44,122610,Pavilhão 9
Mukeka di Rato,2WEABapGGzYET6Dq5tmIDi,36,19996,Pavilhão 9
Gritando HC,19XpD8usAYOdO3hwmQ06i4,27,13828,Pavilhão 9
Parteum,047rJvBYv0egT5SolmU7m4,31,28065,Pavilhão 9
Funk Fuckers,0iEdWdsDVzMk9ntoeH8gVo,10,2812,Pavilhão 9
509-E,1PA11Cy0SrjmwymvGS9h0C,47,233625,Pavilhão 9
SNJ,53eJax5oXY1SqAwVjSO7Uk,39,155955,Pavilhão 9
De Leve,36BZD4FCNMALjIkKSpJABE,37,36719,Pavilhão 9
Black Alien,6aCbXH85qN6xo54C7atSMx,65,330508,Pavilhão 9
Blind Pigs,2ByuJjoYOJ4Us8tzApEH4A,30,14648,Pavilhão 9
Dead Fish,7Lvg39k5XgXevGR767ikYI,49,151517,Pavilhão 9
Xis,1y8yhK12XTLCbWDs4aLgc1,38,45528,Pavilhão 9
MV Bill,4oE4ASN8auDhoW9vsXp3VJ,60,640937,Pavilhão 9
Mato Seco,2b3gMC15SnC8mwjnYiUXvx,53,445887,Pavilhão 9
GOG,1JyFYHa051bTN8BH8nWa7e,40,85840,Pavilhão 9
BNegão,3wYrCJWf6iI5vuUDOnZdUw,46,14143,Pavilhão 9
Ponto De Equilíbrio,6crUnfFtxFx7u9OGE1AHZo,59,825828,Planet Hemp
Mato Seco,2b3gMC15SnC8mwjnYiUXvx,53,445887,Planet Hemp
Raimundos,3CfJckVRuukdJSvK3r89yJ,64,1127583,Planet Hemp
Marcelo D2,1vEN3d3dJbmdHQpXD6AIkL,65,1030053,Planet Hemp
Black Alien,6aCbXH85qN6xo54C7atSMx,65,330508,Planet Hemp
Gabriel O Pensador,5BWqFYIPTnFx3OPWOoJvmD,59,1207669,Planet Hemp
Planta E Raiz,5fKHm5RVUWIIirTGZlwGeO,59,638164,Planet Hemp
Tribo De Jah,6oAqyhJILwJf9S3Of2zTuv,50,482339,Planet Hemp
Racionais MC's,29CQLw9uLWsl8Qkz9holfr,69,3795619,Planet Hemp
Emicida,2d9LRvQJnAXRijqIJDDs2K,70,1663772,Planet Hemp
Facção Central,3V3rRpp5sbiBNY34AdnplK,49,508863,Planet Hemp
O Rappa,1A5QJAC1vdhbhPE25Q0x0f,69,2982506,Planet Hemp
Pavilhão 9,5QTksGpRsgrYaFe1Gnf2AH,29,14466,Planet Hemp
RZO,1CQJtHMGhqvrSZiRTjSeOU,48,364147,Planet Hemp
ConeCrewDiretoria,0iUdFhwiXjGQWAt9yXPP1T,57,769241,Planet Hemp
De Leve,36BZD4FCNMALjIkKSpJABE,37,36719,Planet Hemp
Tihuana,6FvGIOpELnPLxPoyqotQ0Q,49,353081,Planet Hemp
MV Bill,4oE4ASN8auDhoW9vsXp3VJ,60,640937,Planet Hemp
O Surto,6SXLkJrpyA2cxh2B1Xq3b7,47,82247,Planet Hemp
Velhas Virgens,1NG0y4OWAFilBtNB2Ey9jK,45,203561,Planet Hemp
Ira!,7L5YQQJPL1wrmrdigJavV7,60,785249,Barão Vermelho
Os Paralamas Do Sucesso,7EM9m7HOXxVgP9oEpDDv70,66,1483664,Barão Vermelho
Legião Urbana,6tw6EpC9RgmSRZiZg0n22t,71,4205126,Barão Vermelho
Titãs,2euX7vCVnJy3TVEGfc0RCl,65,1470923,Barão Vermelho
Engenheiros Do Hawaii,0GNq4xh8uFCyihPurnunf7,67,1725245,Barão Vermelho
Capital Inicial,4Z0yuwHVJBROVZqFpTIr0d,65,2176997,Barão Vermelho
Ultraje a Rigor,3zkkrMSBLHuTKMI6I3fDWi,53,603631,Barão Vermelho
Skank,4C4kpaAdp6aKSkguw40SsU,69,2081497,Barão Vermelho
Biquini Cavadão,7E5dcvoiZra9wwBuXYAYTw,58,781661,Barão Vermelho
Lobão,3LWCuB9QxDmpLhhGwqU04N,50,295338,Barão Vermelho
Detonautas Roque Clube,5AlUDdksfPP7l4Qm22MJA9,60,766393,Barão Vermelho
Renato Russo,3QLc39WR4dQAN1SgierGgE,57,1954255,Barão Vermelho
Frejat,3WVjDclrbHsxjxhiOqHdnw,60,925525,Barão Vermelho
RPM,7lfmakKFOeQWdUrbmVK6EQ,55,685418,Barão Vermelho
Nando Reis,7n1XMwvxPf10t4OX6h6Ufy,70,2158052,Barão Vermelho
Tianastacia,3ucYi2JRu3j12lHbfqms9u,40,87609,Barão Vermelho
Nenhum De Nós,3bKO3mmizIpDdwNVdp96B9,58,672392,Barão Vermelho
Cidade Negra,4cx31cxKTg5L8blZE24qfZ,62,1074666,Barão Vermelho
Jota Quest,5re6NsyXzHg6uvNimzQ3F6,68,1702992,Barão Vermelho
Cazuza,1PwOU6fFbmaGkK3wkbb8fU,63,1311080,Barão Vermelho
Capital Inicial,4Z0yuwHVJBROVZqFpTIr0d,65,2176997,Biquini Cavadão
Skank,4C4kpaAdp6aKSkguw40SsU,69,2081497,Biquini Cavadão
Os Paralamas Do Sucesso,7EM9m7HOXxVgP9oEpDDv70,66,1483664,Biquini Cavadão
Ira!,7L5YQQJPL1wrmrdigJavV7,60,785249,Biquini Cavadão
Frejat,3WVjDclrbHsxjxhiOqHdnw,60,925525,Biquini Cavadão
Legião Urbana,6tw6EpC9RgmSRZiZg0n22t,71,4205126,Biquini Cavadão
Jota Quest,5re6NsyXzHg6uvNimzQ3F6,68,1702992,Biquini Cavadão
RPM,7lfmakKFOeQWdUrbmVK6EQ,55,685418,Biquini Cavadão
Engenheiros Do Hawaii,0GNq4xh8uFCyihPurnunf7,67,1725245,Biquini Cavadão
Renato Russo,3QLc39WR4dQAN1SgierGgE,57,1954255,Biquini Cavadão
Detonautas Roque Clube,5AlUDdksfPP7l4Qm22MJA9,60,766393,Biquini Cavadão
Nenhum De Nós,3bKO3mmizIpDdwNVdp96B9,58,672392,Biquini Cavadão
Titãs,2euX7vCVnJy3TVEGfc0RCl,65,1470923,Biquini Cavadão
Tianastacia,3ucYi2JRu3j12lHbfqms9u,40,87609,Biquini Cavadão
Tihuana,6FvGIOpELnPLxPoyqotQ0Q,49,353081,Biquini Cavadão
Barão Vermelho,5zq0SGWxrmzpTSXkBEQzMj,62,947240,Biquini Cavadão
Nando Reis,7n1XMwvxPf10t4OX6h6Ufy,70,2158052,Biquini Cavadão
Cidade Negra,4cx31cxKTg5L8blZE24qfZ,62,1074666,Biquini Cavadão
Catedral,0SJRRI0eT6oeymfwyWsImX,53,224840,Biquini Cavadão
Pedra Leticia,3RizejcAkXH07quZqFCtpU,48,203046,Biquini Cavadão
Detonautas Roque Clube,5AlUDdksfPP7l4Qm22MJA9,60,766393,Capital Inicial
Skank,4C4kpaAdp6aKSkguw40SsU,69,2081497,Capital Inicial
Jota Quest,5re6NsyXzHg6uvNimzQ3F6,68,1702992,Capital Inicial
Ira!,7L5YQQJPL1wrmrdigJavV7,60,785249,Capital Inicial
Biquini Cavadão,7E5dcvoiZra9wwBuXYAYTw,58,781661,Capital Inicial
Tihuana,6FvGIOpELnPLxPoyqotQ0Q,49,353081,Capital Inicial
Titãs,2euX7vCVnJy3TVEGfc0RCl,65,1470923,Capital Inicial
Os Paralamas Do Sucesso,7EM9m7HOXxVgP9oEpDDv70,66,1483664,Capital Inicial
Engenheiros Do Hawaii,0GNq4xh8uFCyihPurnunf7,67,1725245,Capital Inicial
Legião Urbana,6tw6EpC9RgmSRZiZg0n22t,71,4205126,Capital Inicial
Ultraje a Rigor,3zkkrMSBLHuTKMI6I3fDWi,53,603631,Capital Inicial
Nenhum De Nós,3bKO3mmizIpDdwNVdp96B9,58,672392,Capital Inicial
RPM,7lfmakKFOeQWdUrbmVK6EQ,55,685418,Capital Inicial
Barão Vermelho,5zq0SGWxrmzpTSXkBEQzMj,62,947240,Capital Inicial
Frejat,3WVjDclrbHsxjxhiOqHdnw,60,925525,Capital Inicial
Pedra Leticia,3RizejcAkXH07quZqFCtpU,48,203046,Capital Inicial
Mamonas Assassinas,5Q9RKJrjHdfpWVxzv45XTJ,59,931181,Capital Inicial
Cidade Negra,4cx31cxKTg5L8blZE24qfZ,62,1074666,Capital Inicial
Renato Russo,3QLc39WR4dQAN1SgierGgE,57,1954255,Capital Inicial
Nando Reis,7n1XMwvxPf10t4OX6h6Ufy,70,2158052,Capital Inicial
Os Paralamas Do Sucesso,7EM9m7HOXxVgP9oEpDDv70,66,1483664,Cazuza
Nando Reis,7n1XMwvxPf10t4OX6h6Ufy,70,2158052,Cazuza
Legião Urbana,6tw6EpC9RgmSRZiZg0n22t,71,4205126,Cazuza
Cássia Eller,10naVTwNjE50daQVrN0bXh,66,1553393,Cazuza
Ira!,7L5YQQJPL1wrmrdigJavV7,60,785249,Cazuza
Titãs,2euX7vCVnJy3TVEGfc0RCl,65,1470923,Cazuza
Renato Russo,3QLc39WR4dQAN1SgierGgE,57,1954255,Cazuza
Lobão,3LWCuB9QxDmpLhhGwqU04N,50,295338,Cazuza
Barão Vermelho,5zq0SGWxrmzpTSXkBEQzMj,62,947240,Cazuza
Leoni,30zCgFx32RHel1qUOr7xuL,55,378007,Cazuza
Skank,4C4kpaAdp6aKSkguw40SsU,69,2081497,Cazuza
Capital Inicial,4Z0yuwHVJBROVZqFpTIr0d,65,2176997,Cazuza
Frejat,3WVjDclrbHsxjxhiOqHdnw,60,925525,Cazuza
Engenheiros Do Hawaii,0GNq4xh8uFCyihPurnunf7,67,1725245,Cazuza
Ultraje a Rigor,3zkkrMSBLHuTKMI6I3fDWi,53,603631,Cazuza
Lulu Santos,0A1oy7PC7fdzURgaLaWkL1,68,1462137,Cazuza
Biquini Cavadão,7E5dcvoiZra9wwBuXYAYTw,58,781661,Cazuza
Kid Abelha,4bOZtegYNmYOe3gMgPtt0H,62,1110214,Cazuza
Raul Seixas,7jrRQZg4FZq6dwpi3baKcu,66,1419965,Cazuza
Los Hermanos,7Brxri4l1ATShikyHXsEr6,63,759112,Cazuza
Detonautas Roque Clube,5AlUDdksfPP7l4Qm22MJA9,60,766393,Charlie Brown Jr.
Planta E Raiz,5fKHm5RVUWIIirTGZlwGeO,59,638164,Charlie Brown Jr.
Tihuana,6FvGIOpELnPLxPoyqotQ0Q,49,353081,Charlie Brown Jr.
Capital Inicial,4Z0yuwHVJBROVZqFpTIr0d,65,2176997,Charlie Brown Jr.
Raimundos,3CfJckVRuukdJSvK3r89yJ,64,1127583,Charlie Brown Jr.
Natiruts,4PhdYoQGH8s1xee81dqQOO,72,2675600,Charlie Brown Jr.
O Rappa,1A5QJAC1vdhbhPE25Q0x0f,69,2982506,Charlie Brown Jr.
Planet Hemp,3nasa4yabzvUeb6DzejDYU,54,566413,Charlie Brown Jr.
Gabriel O Pensador,5BWqFYIPTnFx3OPWOoJvmD,59,1207669,Charlie Brown Jr.
Skank,4C4kpaAdp6aKSkguw40SsU,69,2081497,Charlie Brown Jr.
Mamonas Assassinas,5Q9RKJrjHdfpWVxzv45XTJ,59,931181,Charlie Brown Jr.
Cidade Negra,4cx31cxKTg5L8blZE24qfZ,62,1074666,Charlie Brown Jr.
Marcelo D2,1vEN3d3dJbmdHQpXD6AIkL,65,1030053,Charlie Brown Jr.
Jota Quest,5re6NsyXzHg6uvNimzQ3F6,68,1702992,Charlie Brown Jr.
Armandinho,3h7RaVXBvdSNa7LXQtVYqH,68,991905,Charlie Brown Jr.
Chimarruts,6rNz4V8ocdBOLgXmLxLVcW,59,903646,Charlie Brown Jr.
Engenheiros Do Hawaii,0GNq4xh8uFCyihPurnunf7,67,1725245,Charlie Brown Jr.
Forfun,1qIAsl3tIpnX0j4BMi0l5g,55,238651,Charlie Brown Jr.
Tribo De Jah,6oAqyhJILwJf9S3Of2zTuv,50,482339,Charlie Brown Jr.
Biquini Cavadão,7E5dcvoiZra9wwBuXYAYTw,58,781661,Charlie Brown Jr.
Fake Number,20k5SIjfwIVAbfgXAhUZgg,28,36938,Fresno
Darvin,4qOzfJoSvcBp7dSDlXxwBY,37,37348,Fresno
NX Zero,1A3dFCPF68vh5lyxzBqLUH,59,766728,Fresno
Hardneja Sertacore,4DAXk6EzfafnFs1LZfxJ6N,35,32598,Fresno
Beeshop,7q91wQ6aRy61HehIjAcgfz,22,28528,Fresno
Hateen,4KDa0GMe5CxKSxEGtGFkxk,42,56819,Fresno
Visconde,0ScxxqjnVMeXYqPl5AavFd,33,30654,Fresno
Strike,3Aa7VtaDW1lJWX7NBGask8,49,167542,Fresno
Scracho,5CMP1ienEyXqs6NkMOZHrw,44,167327,Fresno
Dibob,5unSnRQbVY6bEHkfNfgX5R,33,35875,Fresno
Forfun,1qIAsl3tIpnX0j4BMi0l5g,55,238651,Fresno
Gloria,7IvxX9RKB0Tal8lE7LZxXN,43,78472,Fresno
ReStarT,0fnpJQo4aRTZFz8Sf4id6T,44,137956,Fresno
Rancore,3KR4M3bAqWbADfTTDdfMDM,36,26759,Fresno
Supercombo,73HkjgziMO6I83vFOS8mo1,58,862053,Fresno
Hevo 84,1WDHJzp45TMMfm9YxVPZTG,35,53151,Fresno
Detonautas Roque Clube,5AlUDdksfPP7l4Qm22MJA9,60,766393,Fresno
Reação Em Cadeia,4pANXhF65AgL4mE9PybDJJ,44,95335,Fresno
Cine,4MZmexF6g7Kk5nWAP8f5Zr,38,72200,Fresno
Hori,4cn93QHq3HY7wAgnV7bSZ9,31,25638,Fresno
Ira!,7L5YQQJPL1wrmrdigJavV7,60,785249,Lobão
Os Paralamas Do Sucesso,7EM9m7HOXxVgP9oEpDDv70,66,1483664,Lobão
Titãs,2euX7vCVnJy3TVEGfc0RCl,65,1470923,Lobão
Ultraje a Rigor,3zkkrMSBLHuTKMI6I3fDWi,53,603631,Lobão
Barão Vermelho,5zq0SGWxrmzpTSXkBEQzMj,62,947240,Lobão
Engenheiros Do Hawaii,0GNq4xh8uFCyihPurnunf7,67,1725245,Lobão
Legião Urbana,6tw6EpC9RgmSRZiZg0n22t,71,4205126,Lobão
Capital Inicial,4Z0yuwHVJBROVZqFpTIr0d,65,2176997,Lobão
Biquini Cavadão,7E5dcvoiZra9wwBuXYAYTw,58,781661,Lobão
Herbert Vianna,1I3wpGfguTwQmBLtqw2H7A,48,98469,Lobão
RPM,7lfmakKFOeQWdUrbmVK6EQ,55,685418,Lobão
Renato Russo,3QLc39WR4dQAN1SgierGgE,57,1954255,Lobão
Plebe Rude,2azqeHE13Y8hP8YAjew9zL,45,152838,Lobão
Cachorro Grande,0psfBzxoy44kww4f0YU5c8,48,116517,Lobão
Tianastacia,3ucYi2JRu3j12lHbfqms9u,40,87609,Lobão
Lobão E Os Ronaldos,09RGwhs3waXp27qkYuNRap,39,45367,Lobão
Cazuza,1PwOU6fFbmaGkK3wkbb8fU,63,1311080,Lobão
Raul Seixas,7jrRQZg4FZq6dwpi3baKcu,66,1419965,Lobão
Nando Reis,7n1XMwvxPf10t4OX6h6Ufy,70,2158052,Lobão
Nenhum De Nós,3bKO3mmizIpDdwNVdp96B9,58,672392,Lobão
D.R.I.,6eKzDvHhJgMtcaOrvEXCTv,45,143316,Ratos De Porão
Mukeka di Rato,2WEABapGGzYET6Dq5tmIDi,36,19996,Ratos De Porão
Lobotomia,0WxZi8K79DFdU4osn29Vgf,12,4824,Ratos De Porão
Discharge,5SRhOM75OnwuXH8BmCxD5a,42,66718,Ratos De Porão
Cryptic Slaughter,20ml1U2ibB2HPnPpWrJIKT,29,24747,Ratos De Porão
Agrotoxico,313wZXuksG2rnaLJz9HMWu,17,7444,Ratos De Porão
The Accüsed,3BgkAoa2jpIzO0ofDtyGyc,23,12784,Ratos De Porão
Suicidal Tendencies,3WPKDlucMsXH6FC1XaclZC,57,467036,Ratos De Porão
Attitude Adjustment,1ZyFS4lUV8X4H23lDzNmjC,14,5129,Ratos De Porão
English Dogs,7rejKxSsKDXUDPj5dezGtL,18,7154,Ratos De Porão
Municipal Waste,2Ah9OuOj7B57gPD1cbwiaE,48,173138,Ratos De Porão
Anti Cimex,1mLYahiL1Os2Ill7PRkldB,32,20875,Ratos De Porão
Amebix,6tUC9fQSG7uqbzUy9AJ1NY,30,21869,Ratos De Porão
Garotos Podres,31E2vfmbeTYJiLX3f7wKcq,7,8160,Ratos De Porão
D.F.C.,7MlOEUg7IX1ZHijxgWiRDX,28,9423,Ratos De Porão
Broken Bones,6P2IcurmnwVjz9LBMoinuj,25,12794,Ratos De Porão
Olho Seco,27CzKTYN9snef9Hn1kBHRG,19,10456,Ratos De Porão
The Mentors,0TpMvuotiz4lgTGvdckWC0,17,4570,Ratos De Porão
Driller Killer,1h8jyTGAN9D5UESAdhwJh1,5,12470,Ratos De Porão
Surra,5TM5LOr6mxQGod2sH9Uz9e,34,15155,Ratos De Porão
Ira!,7L5YQQJPL1wrmrdigJavV7,60,785249,Titãs
Ultraje a Rigor,3zkkrMSBLHuTKMI6I3fDWi,53,603631,Titãs
Os Paralamas Do Sucesso,7EM9m7HOXxVgP9oEpDDv70,66,1483664,Titãs
Capital Inicial,4Z0yuwHVJBROVZqFpTIr0d,65,2176997,Titãs
Legião Urbana,6tw6EpC9RgmSRZiZg0n22t,71,4205126,Titãs
Lobão,3LWCuB9QxDmpLhhGwqU04N,50,295338,Titãs
Engenheiros Do Hawaii,0GNq4xh8uFCyihPurnunf7,67,1725245,Titãs
Barão Vermelho,5zq0SGWxrmzpTSXkBEQzMj,62,947240,Titãs
Skank,4C4kpaAdp6aKSkguw40SsU,69,2081497,Titãs
Biquini Cavadão,7E5dcvoiZra9wwBuXYAYTw,58,781661,Titãs
RPM,7lfmakKFOeQWdUrbmVK6EQ,55,685418,Titãs
Renato Russo,3QLc39WR4dQAN1SgierGgE,57,1954255,Titãs
Nenhum De Nós,3bKO3mmizIpDdwNVdp96B9,58,672392,Titãs
Velhas Virgens,1NG0y4OWAFilBtNB2Ey9jK,45,203561,Titãs
Detonautas Roque Clube,5AlUDdksfPP7l4Qm22MJA9,60,766393,Titãs
Raul Seixas,7jrRQZg4FZq6dwpi3baKcu,66,1419965,Titãs
Raimundos,3CfJckVRuukdJSvK3r89yJ,64,1127583,Titãs
Jota Quest,5re6NsyXzHg6uvNimzQ3F6,68,1702992,Titãs
Frejat,3WVjDclrbHsxjxhiOqHdnw,60,925525,Titãs
Nando Reis,7n1XMwvxPf10t4OX6h6Ufy,70,2158052,Titãs
Detonautas Roque Clube,5AlUDdksfPP7l4Qm22MJA9,60,766393,Pitty
Capital Inicial,4Z0yuwHVJBROVZqFpTIr0d,65,2176997,Pitty
Luxúria,0h12sdDyRwchXoh6iYov1D,34,50096,Pitty
Jota Quest,5re6NsyXzHg6uvNimzQ3F6,68,1702992,Pitty
Tihuana,6FvGIOpELnPLxPoyqotQ0Q,49,353081,Pitty
Legião Urbana,6tw6EpC9RgmSRZiZg0n22t,71,4205126,Pitty
Skank,4C4kpaAdp6aKSkguw40SsU,69,2081497,Pitty
Ira!,7L5YQQJPL1wrmrdigJavV7,60,785249,Pitty
Mamonas Assassinas,5Q9RKJrjHdfpWVxzv45XTJ,59,931181,Pitty
NX Zero,1A3dFCPF68vh5lyxzBqLUH,59,766728,Pitty
Biquini Cavadão,7E5dcvoiZra9wwBuXYAYTw,58,781661,Pitty
Frejat,3WVjDclrbHsxjxhiOqHdnw,60,925525,Pitty
Agridoce,4SyWhCnXrV0FDnGw1ISMJI,43,112536,Pitty
Titãs,2euX7vCVnJy3TVEGfc0RCl,65,1470923,Pitty
Fresno,2sFXe6NbmT3k7Qy4N8fE7f,56,442151,Pitty
Barão Vermelho,5zq0SGWxrmzpTSXkBEQzMj,62,947240,Pitty
Raimundos,3CfJckVRuukdJSvK3r89yJ,64,1127583,Pitty
Os Paralamas Do Sucesso,7EM9m7HOXxVgP9oEpDDv70,66,1483664,Pitty
Malta,17NbypXXnsLwf15wqq32IG,50,241430,Pitty
Engenheiros Do Hawaii,0GNq4xh8uFCyihPurnunf7,67,1725245,Pitty
César Menotti & Fabiano,08yxJfM5RnFAjJvMJIFnvh,65,1779919,Bruno & Marrone
Zezé Di Camargo & Luciano,4dyYjqmYDjegbB3F2mbvcT,71,1849703,Bruno & Marrone
Rick & Renner,0ozdcqmICsOZDe7eJQVzrp,61,837970,Bruno & Marrone
Guilherme & Santiago,61rqgwKmF0QwycnC8O82rn,59,1396101,Bruno & Marrone
Milionário & José Rico,4oa7ETNZH1ivfzFkCGVZlR,66,1288948,Bruno & Marrone
Edson & Hudson,6zpNfYJcPavd1pqLXKiSvl,63,1062760,Bruno & Marrone
Rionegro & Solimões,33NrinbbEctw1wsdKNgZeZ,62,756043,Bruno & Marrone
Gino & Geno,2rGEXX2PXml6YnjkgOlWwT,59,606407,Bruno & Marrone
Chrystian & Ralf,7HUHsmvWREkN4l179tvpBe,60,545788,Bruno & Marrone
Chitãozinho & Xororó,7gfkYbxpguEc9bm6m8TpAr,70,1223980,Bruno & Marrone
Gian & Giovani,7tt5q9c2cUFczKNK5pEbZb,58,694881,Bruno & Marrone
Eduardo Costa,2OUgs5INWK2UEvZ6amWiJr,72,1929002,Bruno & Marrone
Matogrosso & Mathias,5he1UTofdFOcdbKqnLixko,65,642143,Bruno & Marrone
Leonardo,2YWOP324cKGfkTo2PydgJR,68,1034760,Bruno & Marrone
João Paulo & Daniel,4rOoJbjbSc9bNHPyHGdfbc,59,415162,Bruno & Marrone
Daniel,2wwWukJBsCikjlj7vlbQkM,62,967739,Bruno & Marrone
Teodoro & Sampaio,7oraQbXIkvzBmNLzjRVvCH,58,585694,Bruno & Marrone
Trio Parada Dura,41fjoh5NjJhlDHYIUb9Hsk,63,619390,Bruno & Marrone
João Bosco & Vinicius,7zIRO89G0FBAQtGMHO1Wa0,69,2120888,Bruno & Marrone
Leandro & Leonardo,0qHOVLCmMmMgk9l3GsgmUB,63,708011,Bruno & Marrone
Fernando & Sorocaba,1oSgjdbgLYULVmEBojPRw8,75,3061391,Jorge & Mateus
Gusttavo Lima,7MiDcPa6UiV3In7lIM71IN,84,11773639,Jorge & Mateus
Guilherme & Santiago,61rqgwKmF0QwycnC8O82rn,59,1396101,Jorge & Mateus
Marcos & Belutti,0NsJZ5PMjqghGDuMzY7CuT,71,3971949,Jorge & Mateus
João Neto & Frederico,2FrLTuXGuFDzQsjKidB03W,62,2681012,Jorge & Mateus
Michel Teló,1sDVuztNhGcetCLChkleDA,64,2676281,Jorge & Mateus
César Menotti & Fabiano,08yxJfM5RnFAjJvMJIFnvh,65,1779919,Jorge & Mateus
João Bosco & Vinicius,7zIRO89G0FBAQtGMHO1Wa0,69,2120888,Jorge & Mateus
Maria Cecília & Rodolfo,1oOTUMbydEi6ogss5Klsom,48,1577137,Jorge & Mateus
Edson & Hudson,6zpNfYJcPavd1pqLXKiSvl,63,1062760,Jorge & Mateus
Luan Santana,3qvcCP2J0fWi0m0uQDUf6r,73,5177271,Jorge & Mateus
Cristiano Araújo,4HF14RSTZQcEafvfPCFEpI,64,3175086,Jorge & Mateus
Henrique & Diego,1D6vAeVUcgMbSx80IA3Zun,61,1984559,Jorge & Mateus
Bruno & Marrone,5JXhkyafynxCvxtov7C1PV,82,3393774,Jorge & Mateus
Bruninho & Davi,5exy2LREZrJ6aRzj1SwXQX,57,1339088,Jorge & Mateus
Zé Henrique & Gabriel,5Dyg6H3QJHQV5c7ojyKWyv,53,1328804,Jorge & Mateus
Zezé Di Camargo & Luciano,4dyYjqmYDjegbB3F2mbvcT,71,1849703,Jorge & Mateus
Victor & Leo,2HtEBtekn0bXogyogD3PTr,65,1136572,Jorge & Mateus
Eduardo Costa,2OUgs5INWK2UEvZ6amWiJr,72,1929002,Jorge & Mateus
Gino & Geno,2rGEXX2PXml6YnjkgOlWwT,59,606407,Jorge & Mateus
Fernando & Sorocaba,1oSgjdbgLYULVmEBojPRw8,75,3061391,Gusttavo Lima
Jorge & Mateus,1elUiq4X7pxej6FRlrEzjM,84,14220884,Gusttavo Lima
Marcos & Belutti,0NsJZ5PMjqghGDuMzY7CuT,71,3971949,Gusttavo Lima
Michel Teló,1sDVuztNhGcetCLChkleDA,64,2676281,Gusttavo Lima
Cristiano Araújo,4HF14RSTZQcEafvfPCFEpI,64,3175086,Gusttavo Lima
João Neto & Frederico,2FrLTuXGuFDzQsjKidB03W,62,2681012,Gusttavo Lima
Guilherme & Santiago,61rqgwKmF0QwycnC8O82rn,59,1396101,Gusttavo Lima
Bruninho & Davi,5exy2LREZrJ6aRzj1SwXQX,57,1339088,Gusttavo Lima
João Bosco & Vinicius,7zIRO89G0FBAQtGMHO1Wa0,69,2120888,Gusttavo Lima
Henrique & Diego,1D6vAeVUcgMbSx80IA3Zun,61,1984559,Gusttavo Lima
Maria Cecília & Rodolfo,1oOTUMbydEi6ogss5Klsom,48,1577137,Gusttavo Lima
César Menotti & Fabiano,08yxJfM5RnFAjJvMJIFnvh,65,1779919,Gusttavo Lima
Zé Henrique & Gabriel,5Dyg6H3QJHQV5c7ojyKWyv,53,1328804,Gusttavo Lima
João Carreiro & Capataz,0ICe5vwuONWq0QwRojNYSa,50,600065,Gusttavo Lima
Humberto & Ronaldo,1zEo6Fk1iaaOYFlFPBHCFn,70,1196596,Gusttavo Lima
Luan Santana,3qvcCP2J0fWi0m0uQDUf6r,73,5177271,Gusttavo Lima
Fred & Gustavo,23e9hgUNNlZWv6E0nxf8fA,50,881812,Gusttavo Lima
Edson & Hudson,6zpNfYJcPavd1pqLXKiSvl,63,1062760,Gusttavo Lima
Bruno & Marrone,5JXhkyafynxCvxtov7C1PV,82,3393774,Gusttavo Lima
Thaeme & Thiago,7ABjmCErFBTzoGMVoQc2Sh,54,2179116,Gusttavo Lima
Jorge & Mateus,1elUiq4X7pxej6FRlrEzjM,84,14220884,Luan Santana
Fernando & Sorocaba,1oSgjdbgLYULVmEBojPRw8,75,3061391,Luan Santana
Michel Teló,1sDVuztNhGcetCLChkleDA,64,2676281,Luan Santana
Marcos & Belutti,0NsJZ5PMjqghGDuMzY7CuT,71,3971949,Luan Santana
Maria Cecília & Rodolfo,1oOTUMbydEi6ogss5Klsom,48,1577137,Luan Santana
Gusttavo Lima,7MiDcPa6UiV3In7lIM71IN,84,11773639,Luan Santana
Guilherme & Santiago,61rqgwKmF0QwycnC8O82rn,59,1396101,Luan Santana
João Neto & Frederico,2FrLTuXGuFDzQsjKidB03W,62,2681012,Luan Santana
Bruninho & Davi,5exy2LREZrJ6aRzj1SwXQX,57,1339088,Luan Santana
César Menotti & Fabiano,08yxJfM5RnFAjJvMJIFnvh,65,1779919,Luan Santana
João Bosco & Vinicius,7zIRO89G0FBAQtGMHO1Wa0,69,2120888,Luan Santana
Henrique & Diego,1D6vAeVUcgMbSx80IA3Zun,61,1984559,Luan Santana
Cristiano Araújo,4HF14RSTZQcEafvfPCFEpI,64,3175086,Luan Santana
Paula Fernandes,1nca3OA1kKCpP6aPJcBL92,63,905939,Luan Santana
Edson & Hudson,6zpNfYJcPavd1pqLXKiSvl,63,1062760,Luan Santana
Victor & Leo,2HtEBtekn0bXogyogD3PTr,65,1136572,Luan Santana
Thaeme & Thiago,7ABjmCErFBTzoGMVoQc2Sh,54,2179116,Luan Santana
Bruno & Marrone,5JXhkyafynxCvxtov7C1PV,82,3393774,Luan Santana
Manu Gavassi,6xF3XdxG7VHRmQmTJxRqX8,62,639621,Luan Santana
Inimigos Da HP,5IEFDMhrxPABOkcu6Vx93O,50,359144,Luan Santana
César Menotti & Fabiano,08yxJfM5RnFAjJvMJIFnvh,65,1779919,Victor & Leo
Guilherme & Santiago,61rqgwKmF0QwycnC8O82rn,59,1396101,Victor & Leo
Edson & Hudson,6zpNfYJcPavd1pqLXKiSvl,63,1062760,Victor & Leo
Fernando & Sorocaba,1oSgjdbgLYULVmEBojPRw8,75,3061391,Victor & Leo
Maria Cecília & Rodolfo,1oOTUMbydEi6ogss5Klsom,48,1577137,Victor & Leo
Michel Teló,1sDVuztNhGcetCLChkleDA,64,2676281,Victor & Leo
Zezé Di Camargo & Luciano,4dyYjqmYDjegbB3F2mbvcT,71,1849703,Victor & Leo
João Bosco & Vinicius,7zIRO89G0FBAQtGMHO1Wa0,69,2120888,Victor & Leo
Daniel,2wwWukJBsCikjlj7vlbQkM,62,967739,Victor & Leo
João Neto & Frederico,2FrLTuXGuFDzQsjKidB03W,62,2681012,Victor & Leo
Rick & Renner,0ozdcqmICsOZDe7eJQVzrp,61,837970,Victor & Leo
Paula Fernandes,1nca3OA1kKCpP6aPJcBL92,63,905939,Victor & Leo
Rionegro & Solimões,33NrinbbEctw1wsdKNgZeZ,62,756043,Victor & Leo
Chitãozinho & Xororó,7gfkYbxpguEc9bm6m8TpAr,70,1223980,Victor & Leo
Bruno & Marrone,5JXhkyafynxCvxtov7C1PV,82,3393774,Victor & Leo
Zé Henrique & Gabriel,5Dyg6H3QJHQV5c7ojyKWyv,53,1328804,Victor & Leo
Eduardo Costa,2OUgs5INWK2UEvZ6amWiJr,72,1929002,Victor & Leo
Jorge & Mateus,1elUiq4X7pxej6FRlrEzjM,84,14220884,Victor & Leo
Gian & Giovani,7tt5q9c2cUFczKNK5pEbZb,58,694881,Victor & Leo
Leandro & Leonardo,0qHOVLCmMmMgk9l3GsgmUB,63,708011,Victor & Leo
Gian & Giovani,7tt5q9c2cUFczKNK5pEbZb,58,694881,Zezé Di Camargo & Luciano
César Menotti & Fabiano,08yxJfM5RnFAjJvMJIFnvh,65,1779919,Zezé Di Camargo & Luciano
Chitãozinho & Xororó,7gfkYbxpguEc9bm6m8TpAr,70,1223980,Zezé Di Camargo & Luciano
Rionegro & Solimões,33NrinbbEctw1wsdKNgZeZ,62,756043,Zezé Di Camargo & Luciano
Rick & Renner,0ozdcqmICsOZDe7eJQVzrp,61,837970,Zezé Di Camargo & Luciano
Edson & Hudson,6zpNfYJcPavd1pqLXKiSvl,63,1062760,Zezé Di Camargo & Luciano
Eduardo Costa,2OUgs5INWK2UEvZ6amWiJr,72,1929002,Zezé Di Camargo & Luciano
Guilherme & Santiago,61rqgwKmF0QwycnC8O82rn,59,1396101,Zezé Di Camargo & Luciano
Bruno & Marrone,5JXhkyafynxCvxtov7C1PV,82,3393774,Zezé Di Camargo & Luciano
Daniel,2wwWukJBsCikjlj7vlbQkM,62,967739,Zezé Di Camargo & Luciano
Gino & Geno,2rGEXX2PXml6YnjkgOlWwT,59,606407,Zezé Di Camargo & Luciano
Leandro & Leonardo,0qHOVLCmMmMgk9l3GsgmUB,63,708011,Zezé Di Camargo & Luciano
Teodoro & Sampaio,7oraQbXIkvzBmNLzjRVvCH,58,585694,Zezé Di Camargo & Luciano
Leonardo,2YWOP324cKGfkTo2PydgJR,68,1034760,Zezé Di Camargo & Luciano
João Paulo & Daniel,4rOoJbjbSc9bNHPyHGdfbc,59,415162,Zezé Di Camargo & Luciano
Milionário & José Rico,4oa7ETNZH1ivfzFkCGVZlR,66,1288948,Zezé Di Camargo & Luciano
Roberta Miranda,6pRYBBHNsZYnZ8w2xjkAgP,54,460365,Zezé Di Camargo & Luciano
Trio Parada Dura,41fjoh5NjJhlDHYIUb9Hsk,63,619390,Zezé Di Camargo & Luciano
Chrystian & Ralf,7HUHsmvWREkN4l179tvpBe,60,545788,Zezé Di Camargo & Luciano
Bonde do Forró,51flkVmoTWBYSH8U6dgKqL,49,302948,Zezé Di Camargo & Luciano
Rionegro & Solimões,33NrinbbEctw1wsdKNgZeZ,62,756043,Chitãozinho & Xororó
Zezé Di Camargo & Luciano,4dyYjqmYDjegbB3F2mbvcT,71,1849703,Chitãozinho & Xororó
Rick & Renner,0ozdcqmICsOZDe7eJQVzrp,61,837970,Chitãozinho & Xororó
Gian & Giovani,7tt5q9c2cUFczKNK5pEbZb,58,694881,Chitãozinho & Xororó
Leandro & Leonardo,0qHOVLCmMmMgk9l3GsgmUB,63,708011,Chitãozinho & Xororó
Gino & Geno,2rGEXX2PXml6YnjkgOlWwT,59,606407,Chitãozinho & Xororó
César Menotti & Fabiano,08yxJfM5RnFAjJvMJIFnvh,65,1779919,Chitãozinho & Xororó
Eduardo Costa,2OUgs5INWK2UEvZ6amWiJr,72,1929002,Chitãozinho & Xororó
Sérgio Reis e Filhos,7u56iM11sgD3XiqbDwYvJU,46,88463,Chitãozinho & Xororó
Teodoro & Sampaio,7oraQbXIkvzBmNLzjRVvCH,58,585694,Chitãozinho & Xororó
Edson & Hudson,6zpNfYJcPavd1pqLXKiSvl,63,1062760,Chitãozinho & Xororó
Trio Parada Dura,41fjoh5NjJhlDHYIUb9Hsk,63,619390,Chitãozinho & Xororó
Guilherme & Santiago,61rqgwKmF0QwycnC8O82rn,59,1396101,Chitãozinho & Xororó
Roberta Miranda,6pRYBBHNsZYnZ8w2xjkAgP,54,460365,Chitãozinho & Xororó
Daniel,2wwWukJBsCikjlj7vlbQkM,62,967739,Chitãozinho & Xororó
Sérgio Reis,0cSC1GvvgLumHovn2rgSHj,57,357732,Chitãozinho & Xororó
Leonardo,2YWOP324cKGfkTo2PydgJR,68,1034760,Chitãozinho & Xororó
Bruno & Marrone,5JXhkyafynxCvxtov7C1PV,82,3393774,Chitãozinho & Xororó
João Paulo & Daniel,4rOoJbjbSc9bNHPyHGdfbc,59,415162,Chitãozinho & Xororó
Chrystian & Ralf,7HUHsmvWREkN4l179tvpBe,60,545788,Chitãozinho & Xororó
Matheus & Kauan,2Z0lRIqr997lIUiPtrpKCr,79,8581211,Maiara & Maraisa
Naiara Azevedo,0jD7VeE1m2SdHbOWeCtB9l,66,6112364,Maiara & Maraisa
Zé Neto & Cristiano,487N2T9nIPEHrlTZLL3SQs,81,13584745,Maiara & Maraisa
Diego & Victor Hugo,3k68C6mNMJL6OaAdWeW2ZF,77,1397958,Maiara & Maraisa
Lauana Prado,6TYimByryGphZCtwYopH0y,71,1641841,Maiara & Maraisa
Yasmin Santos,597XBqZtaiZC7laCNx3nVz,68,1215471,Maiara & Maraisa
Gustavo Mioto,1X6ORK7IekgmyjV6IFPszP,72,3110722,Maiara & Maraisa
Diego & Arnaldo,0CrGLmfVKzk9rAyiNb91ft,65,689621,Maiara & Maraisa
Pedro Paulo & Alex,5zpNiDA9xLFWQfPCJOQNGN,57,1661981,Maiara & Maraisa
Marília Mendonça,1yR65psqiazQpeM79CcGh8,83,19436573,Maiara & Maraisa
Felipe Araújo,47uyFQHOD02S0lj9ptRpoB,70,3738837,Maiara & Maraisa
Jefferson Moraes,40t5KmKTi2ajyJmerMYY4C,51,1022370,Maiara & Maraisa
Henrique & Juliano,3p7PcrEHaaKLJnPUGOtRlT,81,12776786,Maiara & Maraisa
Breno & Caio Cesar,0qzIE6qGhz0erJe0Fy8RHt,46,588023,Maiara & Maraisa
Bruno & Barretto,70x9rYb58QCNNeNxuO3StS,61,1908601,Maiara & Maraisa
Lucas Lucco,06cd30Cv9US973Ika84gDw,65,2640650,Maiara & Maraisa
Thaeme & Thiago,7ABjmCErFBTzoGMVoQc2Sh,54,2179116,Maiara & Maraisa
João Gustavo e Murilo,6xerOqBLmelL3xZNZkVbGl,65,306084,Maiara & Maraisa
Paula Mattos,03lJxNYml1ArLjcZLxfIvz,55,2072694,Maiara & Maraisa
George Henrique & Rodrigo,3FlCKtwOEYQQYyGVEbxG2Z,60,1080127,Maiara & Maraisa
Fernando & Sorocaba,1oSgjdbgLYULVmEBojPRw8,75,3061391,Maria Cecília & Rodolfo
Jorge & Mateus,1elUiq4X7pxej6FRlrEzjM,84,14220884,Maria Cecília & Rodolfo
Michel Teló,1sDVuztNhGcetCLChkleDA,64,2676281,Maria Cecília & Rodolfo
César Menotti & Fabiano,08yxJfM5RnFAjJvMJIFnvh,65,1779919,Maria Cecília & Rodolfo
Guilherme & Santiago,61rqgwKmF0QwycnC8O82rn,59,1396101,Maria Cecília & Rodolfo
João Neto & Frederico,2FrLTuXGuFDzQsjKidB03W,62,2681012,Maria Cecília & Rodolfo
Marcos & Belutti,0NsJZ5PMjqghGDuMzY7CuT,71,3971949,Maria Cecília & Rodolfo
Hugo Pena & Gabriel,7AAXcP4NpvvLM9Xcfy64ij,44,593902,Maria Cecília & Rodolfo
João Bosco & Vinicius,7zIRO89G0FBAQtGMHO1Wa0,69,2120888,Maria Cecília & Rodolfo
Nechivile,4UTiTWYd6r2gDx4OYzf1lx,40,200178,Maria Cecília & Rodolfo
Gusttavo Lima,7MiDcPa6UiV3In7lIM71IN,84,11773639,Maria Cecília & Rodolfo
Edson & Hudson,6zpNfYJcPavd1pqLXKiSvl,63,1062760,Maria Cecília & Rodolfo
Zé Henrique & Gabriel,5Dyg6H3QJHQV5c7ojyKWyv,53,1328804,Maria Cecília & Rodolfo
Bruninho & Davi,5exy2LREZrJ6aRzj1SwXQX,57,1339088,Maria Cecília & Rodolfo
Janaynna,6cvmfGPBRVMnHu6PPgDTIT,36,184913,Maria Cecília & Rodolfo
Victor & Leo,2HtEBtekn0bXogyogD3PTr,65,1136572,Maria Cecília & Rodolfo
Luan Santana,3qvcCP2J0fWi0m0uQDUf6r,73,5177271,Maria Cecília & Rodolfo
Henrique & Diego,1D6vAeVUcgMbSx80IA3Zun,61,1984559,Maria Cecília & Rodolfo
Tchê Garotos,2EKp9CjoPJOEYJrN4XY2ct,48,203604,Maria Cecília & Rodolfo
Inimigos Da HP,5IEFDMhrxPABOkcu6Vx93O,50,359144,Maria Cecília & Rodolfo
Thaeme & Thiago,7ABjmCErFBTzoGMVoQc2Sh,54,2179116,Simone & Simaria
Henrique & Diego,1D6vAeVUcgMbSx80IA3Zun,61,1984559,Simone & Simaria
George Henrique & Rodrigo,3FlCKtwOEYQQYyGVEbxG2Z,60,1080127,Simone & Simaria
Naiara Azevedo,0jD7VeE1m2SdHbOWeCtB9l,66,6112364,Simone & Simaria
Maiara & Maraisa,59jlthNnbmim5l9tmNA7se,77,8851659,Simone & Simaria
Lucas Lucco,06cd30Cv9US973Ika84gDw,65,2640650,Simone & Simaria
Felipe Araújo,47uyFQHOD02S0lj9ptRpoB,70,3738837,Simone & Simaria
Paula Mattos,03lJxNYml1ArLjcZLxfIvz,55,2072694,Simone & Simaria
Thiago Brava,1LGh5vyaoQP9bgTwLSMTyW,62,1619078,Simone & Simaria
Fernando & Sorocaba,1oSgjdbgLYULVmEBojPRw8,75,3061391,Simone & Simaria
Bruninho & Davi,5exy2LREZrJ6aRzj1SwXQX,57,1339088,Simone & Simaria
Maria Cecília & Rodolfo,1oOTUMbydEi6ogss5Klsom,48,1577137,Simone & Simaria
João Neto & Frederico,2FrLTuXGuFDzQsjKidB03W,62,2681012,Simone & Simaria
Marcos & Belutti,0NsJZ5PMjqghGDuMzY7CuT,71,3971949,Simone & Simaria
Cristiano Araújo,4HF14RSTZQcEafvfPCFEpI,64,3175086,Simone & Simaria
Yasmin Santos,597XBqZtaiZC7laCNx3nVz,68,1215471,Simone & Simaria
Lauana Prado,6TYimByryGphZCtwYopH0y,71,1641841,Simone & Simaria
Cleber & Cauan,6Y8pfJkEdw4EAST4g9C026,61,1338708,Simone & Simaria
Claudia Leitte,2OjoIDVPQKT9B7loZbPEfp,64,981629,Simone & Simaria
Juan Marcus & Vinícius,0GVW2S0kS9yOIEo93ZCNLW,60,40812,Simone & Simaria
Ara Ketu,6NqIUh0cpaygBWUUAjBaog,54,189911,Luiz Caldas
Banda Beijo,6scgR2PrQGb4TU4MTCQdVK,40,56378,Luiz Caldas
Netinho,3Qyjq5eQNKo5tHVmXyhvtB,48,118156,Luiz Caldas
Beto Barbosa,5NuT1t9QLRpJunogXp0Khd,42,67036,Luiz Caldas
Olodum,3tJ9PkBOrG7hFkHeNM2tbw,52,140877,Luiz Caldas
Daniela Mercury,2krrkKvM52JgvfGu2Uewbg,55,216227,Luiz Caldas
Terra Samba,6cUxFmglW7PeSS5dKaWOtP,47,125810,Luiz Caldas
Timbalada,1Da4NyNC4CLayaNGGmL9uZ,51,159664,Luiz Caldas
Margareth Menezes,1ehJzJeAbLiS4l0PIWd9MD,44,77691,Luiz Caldas
Asa De Águia,528EuwdQfm7PgHajI0SxcJ,48,166275,Luiz Caldas
Banda Mel,2u7kjqj92WlpCSAKiOeZ6I,35,29522,Luiz Caldas
Cheiro de Amor,2elJHGuwL43ahofvuD6KGs,49,144877,Luiz Caldas
É O Tchan,78oxdhJ0pr4Dkyk0paWUAf,53,228115,Luiz Caldas
Chiclete Com Banana,1bhqpMFFgoa0NTz82BprgL,57,271847,Luiz Caldas
Banda Eva,1wqkMc837HWUwdC8sOZ7lZ,59,276038,Luiz Caldas
Babado Novo,2jGuS7w8SfDzRNbxW1Lo2c,47,163696,Luiz Caldas
Ricardo Chaves,0g7wWPHTaQ1L4RwuxLPC3l,32,24334,Luiz Caldas
Durval Lelys,3ToO2sJ9XN1V0UPRfnHJaM,40,53446,Luiz Caldas
Sidney Magal,5rTeMryHu78OcG49ySDHU1,42,74625,Luiz Caldas
Bamdamel,3pliEYuTjFFUfecvfxywbW,35,7570,Luiz Caldas
Margareth Menezes,1ehJzJeAbLiS4l0PIWd9MD,44,77691,Daniela Mercury
Ara Ketu,6NqIUh0cpaygBWUUAjBaog,54,189911,Daniela Mercury
Timbalada,1Da4NyNC4CLayaNGGmL9uZ,51,159664,Daniela Mercury
Olodum,3tJ9PkBOrG7hFkHeNM2tbw,52,140877,Daniela Mercury
Ivete Sangalo,7dzq55YG3wjViqexDwiycQ,70,1630375,Daniela Mercury
Banda Beijo,6scgR2PrQGb4TU4MTCQdVK,40,56378,Daniela Mercury
Cheiro de Amor,2elJHGuwL43ahofvuD6KGs,49,144877,Daniela Mercury
Banda Eva,1wqkMc837HWUwdC8sOZ7lZ,59,276038,Daniela Mercury
Netinho,3Qyjq5eQNKo5tHVmXyhvtB,48,118156,Daniela Mercury
Luiz Caldas,4fLuPn1SvWJVFmooqIkvWh,43,66576,Daniela Mercury
Babado Novo,2jGuS7w8SfDzRNbxW1Lo2c,47,163696,Daniela Mercury
Carlinhos Brown,5jvQoouPSDvUEwynz5KPpv,54,101640,Daniela Mercury
Marina Lima,28IcRPf399RPv4TUiZ7uol,53,242779,Daniela Mercury
Terra Samba,6cUxFmglW7PeSS5dKaWOtP,47,125810,Daniela Mercury
Asa De Águia,528EuwdQfm7PgHajI0SxcJ,48,166275,Daniela Mercury
Fafá de Belém,6n45wsxj6sDedgwEyTza6d,51,142679,Daniela Mercury
Chiclete Com Banana,1bhqpMFFgoa0NTz82BprgL,57,271847,Daniela Mercury
Fernanda Abreu,23T5kuXiRZWsH5w1lxowMh,48,112658,Daniela Mercury
Zélia Duncan,2zDJszdrISx9K4L5hvWT33,56,517488,Daniela Mercury
Sandra De Sá,5Rxz1EE4Jj08mu40vlrqHv,50,160262,Daniela Mercury
Ricardo Chaves,0g7wWPHTaQ1L4RwuxLPC3l,32,24334,Márcia Freire
Tonho Matéria,3Gvd4jaWihN7nNBoffneNp,28,3347,Márcia Freire
Gang Do Samba,2R8FniJfBRYTREiZIKcxl0,28,12204,Márcia Freire
Banda Pinote,5PjCfWCwa4fS1yJXRfusIV,8,1032,Márcia Freire
Gilmelândia,671mXNqMz32dbSXVVotmzv,12,4036,Márcia Freire
Vixe Mainha,3jKtp37aqVGqsNn6RDQtaK,31,13671,Márcia Freire
A Zorra,5UiWdnQIpJVjj8ahQ7c2Tp,22,6824,Márcia Freire
Negra Cor,76hfMf3auC4nTizF6ZKQ7e,14,10100,Márcia Freire
Banda Mel,2u7kjqj92WlpCSAKiOeZ6I,35,29522,Márcia Freire
Banda Beijo,6scgR2PrQGb4TU4MTCQdVK,40,56378,Márcia Freire
Pimenta Nativa,4rK13fJIP9xXGa9go26nDD,4,2431,Márcia Freire
VoaDois,53Gv0zgV8Ro7DNALiQkyYg,10,5886,Márcia Freire
Beto Jamaica,1yWLsZ3CTDEy7xMIixFEa0,13,3713,Márcia Freire
Gera Samba,13PNwyKPtLQPf0xfKCYd7E,27,10747,Márcia Freire
Bamdamel,3pliEYuTjFFUfecvfxywbW,35,7570,Márcia Freire
Asa De Águia,528EuwdQfm7PgHajI0SxcJ,48,166275,Márcia Freire
Novo ton,3V2kXGN2tmCSZCqUhilKKl,0,7,Márcia Freire
"Armandinho E Trio Elétrico, Dodô E Osmar",5vxzpQBTCHwa4hgAPEqrln,19,3243,Márcia Freire
Netinho,3Qyjq5eQNKo5tHVmXyhvtB,48,118156,Márcia Freire
Companhia Do Pagode,0gItNx6e6xLK8n5OlHnSXm,25,14908,Márcia Freire
Banda Eva,1wqkMc837HWUwdC8sOZ7lZ,59,276038,Ivete Sangalo
Babado Novo,2jGuS7w8SfDzRNbxW1Lo2c,47,163696,Ivete Sangalo
Claudia Leitte,2OjoIDVPQKT9B7loZbPEfp,64,981629,Ivete Sangalo
Cheiro de Amor,2elJHGuwL43ahofvuD6KGs,49,144877,Ivete Sangalo
Daniela Mercury,2krrkKvM52JgvfGu2Uewbg,55,216227,Ivete Sangalo
Ara Ketu,6NqIUh0cpaygBWUUAjBaog,54,189911,Ivete Sangalo
Netinho,3Qyjq5eQNKo5tHVmXyhvtB,48,118156,Ivete Sangalo
Chiclete Com Banana,1bhqpMFFgoa0NTz82BprgL,57,271847,Ivete Sangalo
Asa De Águia,528EuwdQfm7PgHajI0SxcJ,48,166275,Ivete Sangalo
Timbalada,1Da4NyNC4CLayaNGGmL9uZ,51,159664,Ivete Sangalo
Leo Santana,7KVJCU4z5L4EUHILL8aMxR,71,1315003,Ivete Sangalo
Jammil,0drNUQoEie9lmZKhCdIE6n,47,159747,Ivete Sangalo
Harmonia Do Samba,3o1Lr9yRGJJhhLlVQFObfC,61,421949,Ivete Sangalo
É O Tchan,78oxdhJ0pr4Dkyk0paWUAf,53,228115,Ivete Sangalo
Jorge Vercillo,783AF57UpgTN2fditDRFSs,60,634325,Ivete Sangalo
Olodum,3tJ9PkBOrG7hFkHeNM2tbw,52,140877,Ivete Sangalo
Ana Carolina,4HP9KltldfmkH2M2pQozzN,62,1183459,Ivete Sangalo
Durval Lelys,3ToO2sJ9XN1V0UPRfnHJaM,40,53446,Ivete Sangalo
Parangolé,2v5eqze59fqRes2e5QVGhf,60,359715,Ivete Sangalo
Preta Gil,1i2xi8v7H0aXgMNZcOaYzB,46,196639,Ivete Sangalo
Alavontê,2NioSF8if71BzPdzQynl0r,20,6895,Alinne Rosa
Ricardo Chaves,0g7wWPHTaQ1L4RwuxLPC3l,32,24334,Alinne Rosa
Márcia Freire,1sa5nkvsWl9qYJQOHciFSy,23,11134,Alinne Rosa
Vixe Mainha,3jKtp37aqVGqsNn6RDQtaK,31,13671,Alinne Rosa
VoaDois,53Gv0zgV8Ro7DNALiQkyYg,10,5886,Alinne Rosa
Jau,2UdpXNLGaH4hhgm9eus5wL,45,27177,Alinne Rosa
Rafa & Pipo Marques,2fmnOZmSaTWbr1u0z7Gqur,43,52535,Alinne Rosa
Gilmelândia,671mXNqMz32dbSXVVotmzv,12,4036,Alinne Rosa
Vingadora,7mP8fPbxbcw0iLEO47t2lM,34,140632,Alinne Rosa
A Zorra,5UiWdnQIpJVjj8ahQ7c2Tp,22,6824,Alinne Rosa
Durval Lelys,3ToO2sJ9XN1V0UPRfnHJaM,40,53446,Alinne Rosa
Leo Santana,7KVJCU4z5L4EUHILL8aMxR,71,1315003,Alinne Rosa
Filhos De Jorge,2V9RQWP2Dk6IEauL7D14vE,44,21759,Alinne Rosa
Bamdamel,3pliEYuTjFFUfecvfxywbW,35,7570,Alinne Rosa
Magary Lord,5uVQfgHL4GPhpb0GEBARPq,24,6726,Alinne Rosa
Banda Mel,2u7kjqj92WlpCSAKiOeZ6I,35,29522,Alinne Rosa
Tatau,3R5xZLyp41otnzAvoPrnwI,29,5453,Alinne Rosa
Banda Beijo,6scgR2PrQGb4TU4MTCQdVK,40,56378,Alinne Rosa
Tuca Fernandes,01xRUrmsNkr9ImW6kStBu4,34,8292,Alinne Rosa
Psirico,20L3gYREq24KddkFreyiNv,56,341957,Alinne Rosa
Babado Novo,2jGuS7w8SfDzRNbxW1Lo2c,47,163696,Claudia Leitte
Ivete Sangalo,7dzq55YG3wjViqexDwiycQ,70,1630375,Claudia Leitte
Banda Eva,1wqkMc837HWUwdC8sOZ7lZ,59,276038,Claudia Leitte
Cheiro de Amor,2elJHGuwL43ahofvuD6KGs,49,144877,Claudia Leitte
Leo Santana,7KVJCU4z5L4EUHILL8aMxR,71,1315003,Claudia Leitte
Asa De Águia,528EuwdQfm7PgHajI0SxcJ,48,166275,Claudia Leitte
Jammil,0drNUQoEie9lmZKhCdIE6n,47,159747,Claudia Leitte
Ara Ketu,6NqIUh0cpaygBWUUAjBaog,54,189911,Claudia Leitte
Chiclete Com Banana,1bhqpMFFgoa0NTz82BprgL,57,271847,Claudia Leitte
Tomate,4wjMhaWYtdAuymckcsC0cr,43,102343,Claudia Leitte
Parangolé,2v5eqze59fqRes2e5QVGhf,60,359715,Claudia Leitte
Kelly Key,5g0Xoyr7uIlAYCkpgsFhJH,47,393637,Claudia Leitte
Psirico,20L3gYREq24KddkFreyiNv,56,341957,Claudia Leitte
Netinho,3Qyjq5eQNKo5tHVmXyhvtB,48,118156,Claudia Leitte
É O Tchan,78oxdhJ0pr4Dkyk0paWUAf,53,228115,Claudia Leitte
Harmonia Do Samba,3o1Lr9yRGJJhhLlVQFObfC,61,421949,Claudia Leitte
Preta Gil,1i2xi8v7H0aXgMNZcOaYzB,46,196639,Claudia Leitte
Banda Beijo,6scgR2PrQGb4TU4MTCQdVK,40,56378,Claudia Leitte
Wanessa,4tKyqcDgQpGEIvJlbhl07P,48,275043,Claudia Leitte
Durval Lelys,3ToO2sJ9XN1V0UPRfnHJaM,40,53446,Claudia Leitte
Daniela Mercury,2krrkKvM52JgvfGu2Uewbg,55,216227,Margareth Menezes
Olodum,3tJ9PkBOrG7hFkHeNM2tbw,52,140877,Margareth Menezes
Timbalada,1Da4NyNC4CLayaNGGmL9uZ,51,159664,Margareth Menezes
Ara Ketu,6NqIUh0cpaygBWUUAjBaog,54,189911,Margareth Menezes
Luiz Caldas,4fLuPn1SvWJVFmooqIkvWh,43,66576,Margareth Menezes
Carlinhos Brown,5jvQoouPSDvUEwynz5KPpv,54,101640,Margareth Menezes
Banda Beijo,6scgR2PrQGb4TU4MTCQdVK,40,56378,Margareth Menezes
Netinho,3Qyjq5eQNKo5tHVmXyhvtB,48,118156,Margareth Menezes
Cheiro de Amor,2elJHGuwL43ahofvuD6KGs,49,144877,Margareth Menezes
Elza Soares,4cn4gMq0KXORHeYA45PcBi,54,254626,Margareth Menezes
Fafá de Belém,6n45wsxj6sDedgwEyTza6d,51,142679,Margareth Menezes
Asa De Águia,528EuwdQfm7PgHajI0SxcJ,48,166275,Margareth Menezes
Mart'nália,4EUuQxMNowMUEs5gu4BzBX,56,238832,Margareth Menezes
Banda Eva,1wqkMc837HWUwdC8sOZ7lZ,59,276038,Margareth Menezes
Ricardo Chaves,0g7wWPHTaQ1L4RwuxLPC3l,32,24334,Margareth Menezes
Mariene De Castro,2MaqyTrc7HzuYvLnvfhxIN,57,70339,Margareth Menezes
Banda Mel,2u7kjqj92WlpCSAKiOeZ6I,35,29522,Margareth Menezes
Clara Nunes,6UKz2oYWzE0ZBnciztCown,56,235595,Margareth Menezes
Elba Ramalho,4ph6Bt1mkDlmf32PSvRa8A,62,269473,Margareth Menezes
Daniela Mercury & DJ Ramilson Maia,5rh5n8HgcahbhNQxjk1XG4,0,86,Margareth Menezes
Chiclete Com Banana,1bhqpMFFgoa0NTz82BprgL,57,271847,Asa De Águia
Ara Ketu,6NqIUh0cpaygBWUUAjBaog,54,189911,Asa De Águia
Banda Eva,1wqkMc837HWUwdC8sOZ7lZ,59,276038,Asa De Águia
Rapazolla,56vPSwWYuGLNrfy1wlkGB3,29,26940,Asa De Águia
Cheiro de Amor,2elJHGuwL43ahofvuD6KGs,49,144877,Asa De Águia
Ricardo Chaves,0g7wWPHTaQ1L4RwuxLPC3l,32,24334,Asa De Águia
Tomate,4wjMhaWYtdAuymckcsC0cr,43,102343,Asa De Águia
Jammil,0drNUQoEie9lmZKhCdIE6n,47,159747,Asa De Águia
Babado Novo,2jGuS7w8SfDzRNbxW1Lo2c,47,163696,Asa De Águia
Psirico,20L3gYREq24KddkFreyiNv,56,341957,Asa De Águia
Netinho,3Qyjq5eQNKo5tHVmXyhvtB,48,118156,Asa De Águia
Jammil E Uma Noites,3X5t1UTHfMkyDseHIzwC9Z,43,82038,Asa De Águia
Harmonia Do Samba,3o1Lr9yRGJJhhLlVQFObfC,61,421949,Asa De Águia
Banda Beijo,6scgR2PrQGb4TU4MTCQdVK,40,56378,Asa De Águia
Timbalada,1Da4NyNC4CLayaNGGmL9uZ,51,159664,Asa De Águia
Terra Samba,6cUxFmglW7PeSS5dKaWOtP,47,125810,Asa De Águia
Alexandre Peixe,23op1COMtPxGgGrnlTLFh2,35,18836,Asa De Águia
É O Tchan,78oxdhJ0pr4Dkyk0paWUAf,53,228115,Asa De Águia
Os Bambas,3dQc3S6MUwBuvicC0GNNk1,31,43298,Asa De Águia
Tchakabum,7iJl63aJyNd8C6NZlMv6kp,50,123615,Asa De Águia
Asa De Águia,528EuwdQfm7PgHajI0SxcJ,48,166275,Chiclete Com Banana
Ara Ketu,6NqIUh0cpaygBWUUAjBaog,54,189911,Chiclete Com Banana
Banda Eva,1wqkMc837HWUwdC8sOZ7lZ,59,276038,Chiclete Com Banana
Babado Novo,2jGuS7w8SfDzRNbxW1Lo2c,47,163696,Chiclete Com Banana
Netinho,3Qyjq5eQNKo5tHVmXyhvtB,48,118156,Chiclete Com Banana
Cheiro de Amor,2elJHGuwL43ahofvuD6KGs,49,144877,Chiclete Com Banana
Jammil,0drNUQoEie9lmZKhCdIE6n,47,159747,Chiclete Com Banana
Timbalada,1Da4NyNC4CLayaNGGmL9uZ,51,159664,Chiclete Com Banana
Banda Beijo,6scgR2PrQGb4TU4MTCQdVK,40,56378,Chiclete Com Banana
Tomate,4wjMhaWYtdAuymckcsC0cr,43,102343,Chiclete Com Banana
Terra Samba,6cUxFmglW7PeSS5dKaWOtP,47,125810,Chiclete Com Banana
Harmonia Do Samba,3o1Lr9yRGJJhhLlVQFObfC,61,421949,Chiclete Com Banana
Ivete Sangalo,7dzq55YG3wjViqexDwiycQ,70,1630375,Chiclete Com Banana
Psirico,20L3gYREq24KddkFreyiNv,56,341957,Chiclete Com Banana
É O Tchan,78oxdhJ0pr4Dkyk0paWUAf,53,228115,Chiclete Com Banana
Leo Santana,7KVJCU4z5L4EUHILL8aMxR,71,1315003,Chiclete Com Banana
Ricardo Chaves,0g7wWPHTaQ1L4RwuxLPC3l,32,24334,Chiclete Com Banana
Olodum,3tJ9PkBOrG7hFkHeNM2tbw,52,140877,Chiclete Com Banana
Claudia Leitte,2OjoIDVPQKT9B7loZbPEfp,64,981629,Chiclete Com Banana
Durval Lelys,3ToO2sJ9XN1V0UPRfnHJaM,40,53446,Chiclete Com Banana
Asa De Águia,528EuwdQfm7PgHajI0SxcJ,48,166275,Ara Ketu
Chiclete Com Banana,1bhqpMFFgoa0NTz82BprgL,57,271847,Ara Ketu
Netinho,3Qyjq5eQNKo5tHVmXyhvtB,48,118156,Ara Ketu
Banda Beijo,6scgR2PrQGb4TU4MTCQdVK,40,56378,Ara Ketu
Terra Samba,6cUxFmglW7PeSS5dKaWOtP,47,125810,Ara Ketu
Cheiro de Amor,2elJHGuwL43ahofvuD6KGs,49,144877,Ara Ketu
Timbalada,1Da4NyNC4CLayaNGGmL9uZ,51,159664,Ara Ketu
Banda Eva,1wqkMc837HWUwdC8sOZ7lZ,59,276038,Ara Ketu
Babado Novo,2jGuS7w8SfDzRNbxW1Lo2c,47,163696,Ara Ketu
Harmonia Do Samba,3o1Lr9yRGJJhhLlVQFObfC,61,421949,Ara Ketu
É O Tchan,78oxdhJ0pr4Dkyk0paWUAf,53,228115,Ara Ketu
Olodum,3tJ9PkBOrG7hFkHeNM2tbw,52,140877,Ara Ketu
Luiz Caldas,4fLuPn1SvWJVFmooqIkvWh,43,66576,Ara Ketu
Ivete Sangalo,7dzq55YG3wjViqexDwiycQ,70,1630375,Ara Ketu
Tchakabum,7iJl63aJyNd8C6NZlMv6kp,50,123615,Ara Ketu
Daniela Mercury,2krrkKvM52JgvfGu2Uewbg,55,216227,Ara Ketu
Ricardo Chaves,0g7wWPHTaQ1L4RwuxLPC3l,32,24334,Ara Ketu
Leo Santana,7KVJCU4z5L4EUHILL8aMxR,71,1315003,Ara Ketu
Tomate,4wjMhaWYtdAuymckcsC0cr,43,102343,Ara Ketu
Jammil,0drNUQoEie9lmZKhCdIE6n,47,159747,Ara Ketu
Art Popular,6YMWV5AeYoZymMMDonMfsA,60,352553,Grupo Revelação
Bokaloka,6XgJ4LQHTOtveWKH5V7X56,52,348156,Grupo Revelação
Exaltasamba,6VPRGmbZ0dupZrbwwEDRRw,66,1062236,Grupo Revelação
Inimigos Da HP,5IEFDMhrxPABOkcu6Vx93O,50,359144,Grupo Revelação
Pique Novo,6PtYnpdPPbMSAG8sxFs8uz,51,375163,Grupo Revelação
Katinguelê,3gdaj3L0OqxdaVoxnI7ZGu,50,233707,Grupo Revelação
Belo,7hLjkyL9Pz9xtQNahzJZki,67,872273,Grupo Revelação
Os Travessos,3RpJ23sQA3B70ZgSnT2Vxr,53,511078,Grupo Revelação
Pixote,0ciLF0bOuu2BhqzCEZgHoB,69,1344162,Grupo Revelação
Jeito Moleque,3V7U1x0TRBn7spzHDQiZhi,57,631145,Grupo Revelação
Turma do Pagode,5JG9GISYjRLQUJMH2C6iJ5,72,1875340,Grupo Revelação
Soweto,3QYmec82Yj7fjTMvrt49E4,55,257816,Grupo Revelação
Dudu Nobre,4Mw0vJsDXTZF7kn7EsdNoD,55,245906,Grupo Revelação
Bom Gosto,4SaxUo7mfdHBowU0llwxFd,61,748951,Grupo Revelação
Swing & Simpatia,07o97MiFEobUUwiIYcspmj,42,257436,Grupo Revelação
Molejo,7yl05GUXqcUA3mfpowr1fe,54,297081,Grupo Revelação
Só Pra Contrariar,2B8HcBRTizIsSPryM46Sb1,62,588027,Grupo Revelação
Sorriso Maroto,1fUSLFr4WUBx7joEcGwpvG,72,1805178,Grupo Revelação
Raça Negra,1RnHJ07H3jcpay9PrUPjnt,68,1239878,Grupo Revelação
Karametade,2zUi8eGWcojkvBwCysFOyC,47,174789,Grupo Revelação
Turma do Pagode,5JG9GISYjRLQUJMH2C6iJ5,72,1875340,Sorriso Maroto
Bom Gosto,4SaxUo7mfdHBowU0llwxFd,61,748951,Sorriso Maroto
Jeito Moleque,3V7U1x0TRBn7spzHDQiZhi,57,631145,Sorriso Maroto
Pixote,0ciLF0bOuu2BhqzCEZgHoB,69,1344162,Sorriso Maroto
Belo,7hLjkyL9Pz9xtQNahzJZki,67,872273,Sorriso Maroto
Exaltasamba,6VPRGmbZ0dupZrbwwEDRRw,66,1062236,Sorriso Maroto
Rodriguinho,1xKdiuYoOCM2oCMErUjvtq,61,716371,Sorriso Maroto
Bokaloka,6XgJ4LQHTOtveWKH5V7X56,52,348156,Sorriso Maroto
Inimigos Da HP,5IEFDMhrxPABOkcu6Vx93O,50,359144,Sorriso Maroto
Os Travessos,3RpJ23sQA3B70ZgSnT2Vxr,53,511078,Sorriso Maroto
Imaginasamba,1DEukDFi4pMT4Y0bfGxJTB,56,833665,Sorriso Maroto
Pique Novo,6PtYnpdPPbMSAG8sxFs8uz,51,375163,Sorriso Maroto
Grupo Revelação,7yQrcdkLdBAkV7yY9fF2Hw,69,894961,Sorriso Maroto
Swing & Simpatia,07o97MiFEobUUwiIYcspmj,42,257436,Sorriso Maroto
Nosso Sentimento,1GvdbTD73RbCxxDeM8LtUe,48,554746,Sorriso Maroto
Sampa Crew,1sPTOnMc3tEimHIT9xZX4G,50,259827,Sorriso Maroto
Dilsinho,4NUePmzDvCYqilXBFa91Hg,77,2822944,Sorriso Maroto
Doce Encontro,1PJUNmhJf3lfQx2mxxQTg4,47,151744,Sorriso Maroto
Grupo Clareou,0Jpjc7Fc84inIqLhOvBU1Q,54,458038,Sorriso Maroto
Mumuzinho,34dfPo3Zi55yM6oV46q4y7,67,1380521,Sorriso Maroto
Turma do Pagode,5JG9GISYjRLQUJMH2C6iJ5,72,1875340,Jeito Moleque
Inimigos Da HP,5IEFDMhrxPABOkcu6Vx93O,50,359144,Jeito Moleque
Bokaloka,6XgJ4LQHTOtveWKH5V7X56,52,348156,Jeito Moleque
Exaltasamba,6VPRGmbZ0dupZrbwwEDRRw,66,1062236,Jeito Moleque
Pixote,0ciLF0bOuu2BhqzCEZgHoB,69,1344162,Jeito Moleque
Bom Gosto,4SaxUo7mfdHBowU0llwxFd,61,748951,Jeito Moleque
Nuwance,5fT2rW1NHyMk59N2RftDCc,31,132715,Jeito Moleque
Rodriguinho,1xKdiuYoOCM2oCMErUjvtq,61,716371,Jeito Moleque
Sorriso Maroto,1fUSLFr4WUBx7joEcGwpvG,72,1805178,Jeito Moleque
Grupo Clareou,0Jpjc7Fc84inIqLhOvBU1Q,54,458038,Jeito Moleque
Os Travessos,3RpJ23sQA3B70ZgSnT2Vxr,53,511078,Jeito Moleque
Dilsinho,4NUePmzDvCYqilXBFa91Hg,77,2822944,Jeito Moleque
Doce Encontro,1PJUNmhJf3lfQx2mxxQTg4,47,151744,Jeito Moleque
Belo,7hLjkyL9Pz9xtQNahzJZki,67,872273,Jeito Moleque
Swing & Simpatia,07o97MiFEobUUwiIYcspmj,42,257436,Jeito Moleque
Grupo Revelação,7yQrcdkLdBAkV7yY9fF2Hw,69,894961,Jeito Moleque
Pique Novo,6PtYnpdPPbMSAG8sxFs8uz,51,375163,Jeito Moleque
Samprazer,7BzLFQn1iDPDP5uiMZKORX,42,226529,Jeito Moleque
Ferrugem,5ZfBThYiIIhL7jHMG8gDB2,74,3940776,Jeito Moleque
Vitinho,09djLPsTydbIFC9duW5mQp,61,474076,Jeito Moleque
Dudu Nobre,4Mw0vJsDXTZF7kn7EsdNoD,55,245906,Zeca Pagodinho
Almir Guineto,2x5fdOl1kpBgD74cOkzNY0,55,171775,Zeca Pagodinho
Jorge Aragão,2cAooeeHKk2UvzUgIxpS0y,62,469249,Zeca Pagodinho
Diogo Nogueira,57xRtfFlssbpntpRQOBodd,65,541234,Zeca Pagodinho
Arlindo Cruz,096an3uS6ZaK2XySae6SqP,62,468761,Zeca Pagodinho
Grupo Fundo De Quintal,1WkZvxuA4zCcFF9GChK6Vr,62,439042,Zeca Pagodinho
Agepê,5T2UOU9fV8RcUgLH3b6TTN,50,209191,Zeca Pagodinho
Benito Di Paula,32GW4h2xb3glY99mWLjwlG,54,453542,Zeca Pagodinho
Beth Carvalho,56TkPi7rpmU8jTpkcK7FY3,61,297031,Zeca Pagodinho
Martinho Da Vila,6rM2yY0GnVcOHMU5GD3y9E,63,455451,Zeca Pagodinho
Alcione,0hPar6ePAELiu9rYMdvMEo,63,593766,Zeca Pagodinho
Mart'nália,4EUuQxMNowMUEs5gu4BzBX,56,238832,Zeca Pagodinho
Bezerra Da Silva,3aqtJPuhfwxQ60jG1OAFQt,57,324196,Zeca Pagodinho
Dona Ivone Lara,6Q1U3z1hge970f3QhrPKcW,52,163065,Zeca Pagodinho
Os Originais Do Samba,4gKqxjR0MkEKjqvO3Ctvpg,49,154455,Zeca Pagodinho
Nelson Cavaquinho,5VfKi2uYyP2DCi1JXQ2fX5,45,88433,Zeca Pagodinho
Clara Nunes,6UKz2oYWzE0ZBnciztCown,56,235595,Zeca Pagodinho
Monobloco,4EU2koSlyxLmiyslykCis5,47,116327,Zeca Pagodinho
Katinguelê,3gdaj3L0OqxdaVoxnI7ZGu,50,233707,Zeca Pagodinho
Casuarina,0Z7qVrRll0xvdJ68DX0O0b,47,61294,Zeca Pagodinho
Almir Guineto,2x5fdOl1kpBgD74cOkzNY0,55,171775,Dudu Nobre
Diogo Nogueira,57xRtfFlssbpntpRQOBodd,65,541234,Dudu Nobre
Grupo Fundo De Quintal,1WkZvxuA4zCcFF9GChK6Vr,62,439042,Dudu Nobre
Jorge Aragão,2cAooeeHKk2UvzUgIxpS0y,62,469249,Dudu Nobre
Arlindo Cruz,096an3uS6ZaK2XySae6SqP,62,468761,Dudu Nobre
Zeca Pagodinho,3qZ2n5keOAat1SoF6bHwmb,67,1003076,Dudu Nobre
Agepê,5T2UOU9fV8RcUgLH3b6TTN,50,209191,Dudu Nobre
Beth Carvalho,56TkPi7rpmU8jTpkcK7FY3,61,297031,Dudu Nobre
Katinguelê,3gdaj3L0OqxdaVoxnI7ZGu,50,233707,Dudu Nobre
Gabrielzinho Do Irajá,0SkmRxt8o9RTKms28v15MA,49,9504,Dudu Nobre
Alcione,0hPar6ePAELiu9rYMdvMEo,63,593766,Dudu Nobre
Dona Ivone Lara,6Q1U3z1hge970f3QhrPKcW,52,163065,Dudu Nobre
Martinho Da Vila,6rM2yY0GnVcOHMU5GD3y9E,63,455451,Dudu Nobre
Casuarina,0Z7qVrRll0xvdJ68DX0O0b,47,61294,Dudu Nobre
Benito Di Paula,32GW4h2xb3glY99mWLjwlG,54,453542,Dudu Nobre
Roberto Ribeiro,0lTr2hteHyTLbCmgUpLf8J,41,51426,Dudu Nobre
Candeia,3pXm8H2lDUNFkmQMiJbx6F,39,50799,Dudu Nobre
Os Originais Do Samba,4gKqxjR0MkEKjqvO3Ctvpg,49,154455,Dudu Nobre
Mart'nália,4EUuQxMNowMUEs5gu4BzBX,56,238832,Dudu Nobre
Bebeto,7s6K4YGtN6umad2vEORNM4,41,27212,Dudu Nobre
Katinguelê,3gdaj3L0OqxdaVoxnI7ZGu,50,233707,Raça Negra
Karametade,2zUi8eGWcojkvBwCysFOyC,47,174789,Raça Negra
Só Pra Contrariar,2B8HcBRTizIsSPryM46Sb1,62,588027,Raça Negra
Os Travessos,3RpJ23sQA3B70ZgSnT2Vxr,53,511078,Raça Negra
Bokaloka,6XgJ4LQHTOtveWKH5V7X56,52,348156,Raça Negra
Art Popular,6YMWV5AeYoZymMMDonMfsA,60,352553,Raça Negra
Grupo Revelação,7yQrcdkLdBAkV7yY9fF2Hw,69,894961,Raça Negra
Molejo,7yl05GUXqcUA3mfpowr1fe,54,297081,Raça Negra
Soweto,3QYmec82Yj7fjTMvrt49E4,55,257816,Raça Negra
Ara Ketu,6NqIUh0cpaygBWUUAjBaog,54,189911,Raça Negra
Exaltasamba,6VPRGmbZ0dupZrbwwEDRRw,66,1062236,Raça Negra
Inimigos Da HP,5IEFDMhrxPABOkcu6Vx93O,50,359144,Raça Negra
Belo,7hLjkyL9Pz9xtQNahzJZki,67,872273,Raça Negra
Dudu Nobre,4Mw0vJsDXTZF7kn7EsdNoD,55,245906,Raça Negra
Jeito Moleque,3V7U1x0TRBn7spzHDQiZhi,57,631145,Raça Negra
Terra Samba,6cUxFmglW7PeSS5dKaWOtP,47,125810,Raça Negra
Pique Novo,6PtYnpdPPbMSAG8sxFs8uz,51,375163,Raça Negra
Gigantes do Samba,4gsyzG3BVJ3RscqBR3TtSF,48,236101,Raça Negra
Grupo Fundo De Quintal,1WkZvxuA4zCcFF9GChK6Vr,62,439042,Raça Negra
Sorriso Maroto,1fUSLFr4WUBx7joEcGwpvG,72,1805178,Raça Negra
Karametade,2zUi8eGWcojkvBwCysFOyC,47,174789,Só Pra Contrariar
Katinguelê,3gdaj3L0OqxdaVoxnI7ZGu,50,233707,Só Pra Contrariar
Raça Negra,1RnHJ07H3jcpay9PrUPjnt,68,1239878,Só Pra Contrariar
Os Travessos,3RpJ23sQA3B70ZgSnT2Vxr,53,511078,Só Pra Contrariar
Bokaloka,6XgJ4LQHTOtveWKH5V7X56,52,348156,Só Pra Contrariar
Inimigos Da HP,5IEFDMhrxPABOkcu6Vx93O,50,359144,Só Pra Contrariar
Art Popular,6YMWV5AeYoZymMMDonMfsA,60,352553,Só Pra Contrariar
Os Morenos,153Lu5Zmx36hPnRpaHV0zq,44,98961,Só Pra Contrariar
Jeito Moleque,3V7U1x0TRBn7spzHDQiZhi,57,631145,Só Pra Contrariar
Molejo,7yl05GUXqcUA3mfpowr1fe,54,297081,Só Pra Contrariar
Exaltasamba,6VPRGmbZ0dupZrbwwEDRRw,66,1062236,Só Pra Contrariar
Grupo Revelação,7yQrcdkLdBAkV7yY9fF2Hw,69,894961,Só Pra Contrariar
Soweto,3QYmec82Yj7fjTMvrt49E4,55,257816,Só Pra Contrariar
Dudu Nobre,4Mw0vJsDXTZF7kn7EsdNoD,55,245906,Só Pra Contrariar
Swing & Simpatia,07o97MiFEobUUwiIYcspmj,42,257436,Só Pra Contrariar
Ara Ketu,6NqIUh0cpaygBWUUAjBaog,54,189911,Só Pra Contrariar
Claudinho & Buchecha,4avp60HMZY8XgYe7VGi4SU,57,189619,Só Pra Contrariar
Alexandre Pires,0Rrl4hJQjRAbGtiEwAqS5N,63,398268,Só Pra Contrariar
Pique Novo,6PtYnpdPPbMSAG8sxFs8uz,51,375163,Só Pra Contrariar
Belo,7hLjkyL9Pz9xtQNahzJZki,67,872273,Só Pra Contrariar
Os Morenos,153Lu5Zmx36hPnRpaHV0zq,44,98961,Katinguelê
Karametade,2zUi8eGWcojkvBwCysFOyC,47,174789,Katinguelê
Os Travessos,3RpJ23sQA3B70ZgSnT2Vxr,53,511078,Katinguelê
Soweto,3QYmec82Yj7fjTMvrt49E4,55,257816,Katinguelê
Bokaloka,6XgJ4LQHTOtveWKH5V7X56,52,348156,Katinguelê
Pique Novo,6PtYnpdPPbMSAG8sxFs8uz,51,375163,Katinguelê
Dudu Nobre,4Mw0vJsDXTZF7kn7EsdNoD,55,245906,Katinguelê
Sem Compromisso,38MTaokEioeu5xsPMRn1BS,41,119959,Katinguelê
Art Popular,6YMWV5AeYoZymMMDonMfsA,60,352553,Katinguelê
Tentasamba,4S1JYtAckrOpZa0h30UGxX,39,115409,Katinguelê
Netinho De Paula,0b2YHyqwdG24iZZEZSagrL,37,65412,Katinguelê
Só Pra Contrariar,2B8HcBRTizIsSPryM46Sb1,62,588027,Katinguelê
Swing & Simpatia,07o97MiFEobUUwiIYcspmj,42,257436,Katinguelê
Raça Negra,1RnHJ07H3jcpay9PrUPjnt,68,1239878,Katinguelê
Grupo Malícia,3mOxuJjInEZjV0DSgfncPe,41,56184,Katinguelê
Belo,7hLjkyL9Pz9xtQNahzJZki,67,872273,Katinguelê
Grupo Revelação,7yQrcdkLdBAkV7yY9fF2Hw,69,894961,Katinguelê
Molejo,7yl05GUXqcUA3mfpowr1fe,54,297081,Katinguelê
Negritude Junior,3YBaTAcy9PQpIbuRQTbD8F,46,84380,Katinguelê
Samprazer,7BzLFQn1iDPDP5uiMZKORX,42,226529,Katinguelê
Karametade,2zUi8eGWcojkvBwCysFOyC,47,174789,Os Morenos
Katinguelê,3gdaj3L0OqxdaVoxnI7ZGu,50,233707,Os Morenos
Os Travessos,3RpJ23sQA3B70ZgSnT2Vxr,53,511078,Os Morenos
Bokaloka,6XgJ4LQHTOtveWKH5V7X56,52,348156,Os Morenos
Sem Compromisso,38MTaokEioeu5xsPMRn1BS,41,119959,Os Morenos
Pique Novo,6PtYnpdPPbMSAG8sxFs8uz,51,375163,Os Morenos
Soweto,3QYmec82Yj7fjTMvrt49E4,55,257816,Os Morenos
Art Popular,6YMWV5AeYoZymMMDonMfsA,60,352553,Os Morenos
Tentasamba,4S1JYtAckrOpZa0h30UGxX,39,115409,Os Morenos
Swing & Simpatia,07o97MiFEobUUwiIYcspmj,42,257436,Os Morenos
Só Pra Contrariar,2B8HcBRTizIsSPryM46Sb1,62,588027,Os Morenos
Netinho De Paula,0b2YHyqwdG24iZZEZSagrL,37,65412,Os Morenos
Grupo Malícia,3mOxuJjInEZjV0DSgfncPe,41,56184,Os Morenos
Molejo,7yl05GUXqcUA3mfpowr1fe,54,297081,Os Morenos
Kiloucura,5CACTYAV0NmdIMal2uM51l,30,67350,Os Morenos
Raça Negra,1RnHJ07H3jcpay9PrUPjnt,68,1239878,Os Morenos
Gustavo Lins,3BjwDUAFEmVPIoii9RI4kh,39,148005,Os Morenos
Belo,7hLjkyL9Pz9xtQNahzJZki,67,872273,Os Morenos
Negritude Junior,3YBaTAcy9PQpIbuRQTbD8F,46,84380,Os Morenos
Grupo Revelação,7yQrcdkLdBAkV7yY9fF2Hw,69,894961,Os Morenos
Karametade,2zUi8eGWcojkvBwCysFOyC,47,174789,Os Travessos
Os Morenos,153Lu5Zmx36hPnRpaHV0zq,44,98961,Os Travessos
Katinguelê,3gdaj3L0OqxdaVoxnI7ZGu,50,233707,Os Travessos
Bokaloka,6XgJ4LQHTOtveWKH5V7X56,52,348156,Os Travessos
Pique Novo,6PtYnpdPPbMSAG8sxFs8uz,51,375163,Os Travessos
Swing & Simpatia,07o97MiFEobUUwiIYcspmj,42,257436,Os Travessos
Belo,7hLjkyL9Pz9xtQNahzJZki,67,872273,Os Travessos
Sampa Crew,1sPTOnMc3tEimHIT9xZX4G,50,259827,Os Travessos
Tentasamba,4S1JYtAckrOpZa0h30UGxX,39,115409,Os Travessos
Soweto,3QYmec82Yj7fjTMvrt49E4,55,257816,Os Travessos
Gustavo Lins,3BjwDUAFEmVPIoii9RI4kh,39,148005,Os Travessos
Inimigos Da HP,5IEFDMhrxPABOkcu6Vx93O,50,359144,Os Travessos
Art Popular,6YMWV5AeYoZymMMDonMfsA,60,352553,Os Travessos
Imaginasamba,1DEukDFi4pMT4Y0bfGxJTB,56,833665,Os Travessos
Jeito Moleque,3V7U1x0TRBn7spzHDQiZhi,57,631145,Os Travessos
Turma do Pagode,5JG9GISYjRLQUJMH2C6iJ5,72,1875340,Os Travessos
Bom Gosto,4SaxUo7mfdHBowU0llwxFd,61,748951,Os Travessos
Rodriguinho,1xKdiuYoOCM2oCMErUjvtq,61,716371,Os Travessos
Só Pra Contrariar,2B8HcBRTizIsSPryM46Sb1,62,588027,Os Travessos
Exaltasamba,6VPRGmbZ0dupZrbwwEDRRw,66,1062236,Os Travessos
